,SKU,Quantity,Service Level,Price,Paper Type,Sides Printed,Size
0,FL-170S-VK-40,25,express,16.54,170gsilk,oneside,carresmall
1,FL-170S-VK-40,25,standard,15.04,170gsilk,oneside,carresmall
2,FL-170S-VK-40,25,saver,14.29,170gsilk,oneside,carresmall
3,FL-170S-A6-40,25,saver,14.29,170gsilk,oneside,a6
4,FL-170S-VG-40,25,saver,14.46,170gsilk,oneside,carrelarge
5,FL-170S-VG-40,25,standard,15.23,170gsilk,oneside,carrelarge
6,FL-170S-VG-40,25,express,17.64,170gsilk,oneside,carrelarge
7,FL-170S-A6-40,25,standard,15.04,170gsilk,oneside,a6
8,FL-170S-XL-44,25,saver,15.45,170gsilk,bothsides,xlong
9,FL-170S-XL-44,25,standard,20.23,170gsilk,bothsides,xlong
10,FL-170S-XL-44,25,express,24.83,170gsilk,bothsides,xlong
11,FL-170S-US-40,25,express,17.57,170gsilk,oneside,us
12,FL-170S-US-40,25,standard,15.33,170gsilk,oneside,us
13,FL-170S-US-40,25,saver,14.56,170gsilk,oneside,us
14,FL-170S-VM-44,25,saver,15.04,170gsilk,bothsides,carremedium
15,FL-170S-VM-44,25,standard,15.83,170gsilk,bothsides,carremedium
16,FL-170S-VM-44,25,express,17.41,170gsilk,bothsides,carremedium
17,FL-170S-VK-44,25,saver,15.04,170gsilk,bothsides,carresmall
18,FL-170S-VG-44,25,saver,15.98,170gsilk,bothsides,carrelarge
19,FL-170S-VG-44,25,standard,16.82,170gsilk,bothsides,carrelarge
20,FL-170S-VG-44,25,express,18.5,170gsilk,bothsides,carrelarge
21,FL-170S-VK-44,25,express,17.41,170gsilk,bothsides,carresmall
22,FL-170S-VK-44,25,standard,15.83,170gsilk,bothsides,carresmall
23,FL-170S-A6-40,25,express,16.54,170gsilk,oneside,a6
24,FL-170S-AL-44,25,saver,14.53,170gsilk,bothsides,along
25,FL-170S-AL-44,25,standard,19.31,170gsilk,bothsides,along
26,FL-170S-AL-44,25,express,23.91,170gsilk,bothsides,along
27,FL-170S-VM-40,25,standard,14.95,170gsilk,oneside,carremedium
28,FL-170S-VM-40,25,saver,14.19,170gsilk,oneside,carremedium
29,FL-170S-A5-40,25,express,16.54,170gsilk,oneside,a5
30,FL-170S-VM-40,25,express,16.54,170gsilk,oneside,carremedium
31,FL-170S-A7-40,25,saver,11.49,170gsilk,oneside,a7
32,FL-170S-A7-40,25,standard,12.12,170gsilk,oneside,a7
33,FL-170S-A7-40,25,express,14.02,170gsilk,oneside,a7
34,FL-170S-A4-44,25,standard,16.82,170gsilk,bothsides,a4
35,FL-170S-A4-44,25,saver,15.98,170gsilk,bothsides,a4
36,FL-170S-A4-44,25,express,18.5,170gsilk,bothsides,a4
37,FL-170S-A5-40,25,saver,14.29,170gsilk,oneside,a5
38,FL-170S-A5-40,25,standard,15.04,170gsilk,oneside,a5
39,FL-170S-A5-44,25,express,17.41,170gsilk,bothsides,a5
40,FL-170S-A5-44,25,standard,15.83,170gsilk,bothsides,a5
41,FL-170S-A5-44,25,saver,15.04,170gsilk,bothsides,a5
42,FL-170S-US-44,25,express,18.5,170gsilk,bothsides,us
43,FL-170S-US-44,25,standard,16.61,170gsilk,bothsides,us
44,FL-170S-US-44,25,saver,15.78,170gsilk,bothsides,us
45,FL-170S-A4-40,25,standard,15.98,170gsilk,oneside,a4
46,FL-170S-AL-40,25,express,23.45,170gsilk,oneside,along
47,FL-170S-AL-40,25,standard,18.85,170gsilk,oneside,along
48,FL-170S-AL-40,25,saver,14.07,170gsilk,oneside,along
49,FL-170S-A4-40,25,saver,15.18,170gsilk,oneside,a4
50,FL-170S-A6-44,25,express,17.41,170gsilk,bothsides,a6
51,FL-170S-A6-44,25,standard,15.83,170gsilk,bothsides,a6
52,FL-170S-A6-44,25,saver,15.04,170gsilk,bothsides,a6
53,FL-170S-A7-44,25,saver,12.69,170gsilk,bothsides,a7
54,FL-170S-A7-44,25,standard,13.36,170gsilk,bothsides,a7
55,FL-170S-A7-44,25,express,15.46,170gsilk,bothsides,a7
56,FL-170S-XL-40,25,saver,14.71,170gsilk,oneside,xlong
57,FL-170S-XL-40,25,standard,19.31,170gsilk,oneside,xlong
58,FL-170S-XL-40,25,express,23.91,170gsilk,oneside,xlong
59,FL-170S-A4-40,25,express,17.57,170gsilk,oneside,a4
60,FL-170S-A4-40,50,express,19.65,170gsilk,oneside,a4
61,FL-170S-A7-44,50,express,15.63,170gsilk,bothsides,a7
62,FL-170S-A7-44,50,standard,13.51,170gsilk,bothsides,a7
63,FL-170S-A7-44,50,saver,12.83,170gsilk,bothsides,a7
64,FL-170S-A4-44,50,standard,18.8,170gsilk,bothsides,a4
65,FL-170S-A4-44,50,saver,17.86,170gsilk,bothsides,a4
66,FL-170S-VM-40,50,express,17.57,170gsilk,oneside,carremedium
67,FL-170S-VM-40,50,standard,15.98,170gsilk,oneside,carremedium
68,FL-170S-VM-40,50,saver,15.18,170gsilk,oneside,carremedium
69,FL-170S-A4-44,50,express,20.68,170gsilk,bothsides,a4
70,FL-170S-A4-40,50,standard,17.86,170gsilk,oneside,a4
71,FL-170S-A4-40,50,saver,16.97,170gsilk,oneside,a4
72,FL-170S-VG-44,50,saver,17.86,170gsilk,bothsides,carrelarge
73,FL-170S-VG-44,50,express,20.68,170gsilk,bothsides,carrelarge
74,FL-170S-VG-44,50,standard,18.8,170gsilk,bothsides,carrelarge
75,FL-170S-XL-40,50,saver,15.91,170gsilk,oneside,xlong
76,FL-170S-XL-40,50,standard,20.69,170gsilk,oneside,xlong
77,FL-170S-XL-40,50,express,25.29,170gsilk,oneside,xlong
78,FL-170S-A5-44,50,saver,15.98,170gsilk,bothsides,a5
79,FL-170S-A5-44,50,standard,16.82,170gsilk,bothsides,a5
80,FL-170S-A5-44,50,express,18.5,170gsilk,bothsides,a5
81,FL-170S-AL-40,50,express,23.91,170gsilk,oneside,along
82,FL-170S-AL-40,50,standard,19.31,170gsilk,oneside,along
83,FL-170S-AL-40,50,saver,14.71,170gsilk,oneside,along
84,FL-170S-A7-40,50,express,14.19,170gsilk,oneside,a7
85,FL-170S-A7-40,50,standard,12.25,170gsilk,oneside,a7
86,FL-170S-A7-40,50,saver,11.65,170gsilk,oneside,a7
87,FL-170S-AL-44,50,express,24.83,170gsilk,bothsides,along
88,FL-170S-AL-44,50,standard,20.23,170gsilk,bothsides,along
89,FL-170S-AL-44,50,saver,15.45,170gsilk,bothsides,along
90,FL-170S-A5-40,50,express,17.57,170gsilk,oneside,a5
91,FL-170S-A5-40,50,standard,15.98,170gsilk,oneside,a5
92,FL-170S-A5-40,50,saver,15.18,170gsilk,oneside,a5
93,FL-170S-XL-44,50,saver,17.47,170gsilk,bothsides,xlong
94,FL-170S-XL-44,50,standard,22.07,170gsilk,bothsides,xlong
95,FL-170S-XL-44,50,express,26.67,170gsilk,bothsides,xlong
96,FL-170S-VG-40,50,saver,17.44,170gsilk,oneside,carrelarge
97,FL-170S-VG-40,50,standard,18.35,170gsilk,oneside,carrelarge
98,FL-170S-VG-40,50,express,21.26,170gsilk,oneside,carrelarge
99,FL-170S-US-40,50,express,18.1,170gsilk,oneside,us
100,FL-170S-US-40,50,standard,16.45,170gsilk,oneside,us
101,FL-170S-US-40,50,saver,15.63,170gsilk,oneside,us
102,FL-170S-VK-40,50,express,17.07,170gsilk,oneside,carresmall
103,FL-170S-A6-44,50,saver,15.51,170gsilk,bothsides,a6
104,FL-170S-A6-44,50,standard,16.33,170gsilk,bothsides,a6
105,FL-170S-A6-44,50,express,17.96,170gsilk,bothsides,a6
106,FL-170S-VK-40,50,saver,14.74,170gsilk,oneside,carresmall
107,FL-170S-VK-40,50,standard,15.51,170gsilk,oneside,carresmall
108,FL-170S-A6-40,50,standard,15.51,170gsilk,oneside,a6
109,FL-170S-A6-40,50,saver,14.74,170gsilk,oneside,a6
110,FL-170S-A6-40,50,express,17.07,170gsilk,oneside,a6
111,FL-170S-VK-44,50,express,17.96,170gsilk,bothsides,carresmall
112,FL-170S-VK-44,50,standard,16.33,170gsilk,bothsides,carresmall
113,FL-170S-VK-44,50,saver,15.51,170gsilk,bothsides,carresmall
114,FL-170S-VM-44,50,express,18.5,170gsilk,bothsides,carremedium
115,FL-170S-VM-44,50,standard,16.82,170gsilk,bothsides,carremedium
116,FL-170S-VM-44,50,saver,15.98,170gsilk,bothsides,carremedium
117,FL-170S-US-44,50,saver,16.37,170gsilk,bothsides,us
118,FL-170S-US-44,50,standard,17.22,170gsilk,bothsides,us
119,FL-170S-US-44,50,express,19.05,170gsilk,bothsides,us
120,FL-170S-XL-40,75,express,26.21,170gsilk,oneside,xlong
121,FL-170S-XL-40,75,standard,21.61,170gsilk,oneside,xlong
122,FL-170S-XL-40,75,saver,17.01,170gsilk,oneside,xlong
123,FL-170S-VG-44,75,saver,19.99,170gsilk,bothsides,carrelarge
124,FL-170S-VG-44,75,standard,21.06,170gsilk,bothsides,carrelarge
125,FL-170S-VG-44,75,express,22.32,170gsilk,bothsides,carrelarge
126,FL-170S-US-44,75,saver,16.65,170gsilk,bothsides,us
127,FL-170S-US-44,75,standard,17.52,170gsilk,bothsides,us
128,FL-170S-US-44,75,express,19.32,170gsilk,bothsides,us
129,FL-170S-A5-44,75,saver,16.45,170gsilk,bothsides,a5
130,FL-170S-A5-44,75,standard,17.32,170gsilk,bothsides,a5
131,FL-170S-A5-44,75,express,19.05,170gsilk,bothsides,a5
132,FL-170S-A6-44,75,saver,15.75,170gsilk,bothsides,a6
133,FL-170S-A6-44,75,standard,16.58,170gsilk,bothsides,a6
134,FL-170S-A6-44,75,express,18.23,170gsilk,bothsides,a6
135,FL-170S-VM-40,75,express,18.09,170gsilk,oneside,carremedium
136,FL-170S-VM-40,75,standard,16.45,170gsilk,oneside,carremedium
137,FL-170S-VM-40,75,saver,15.63,170gsilk,oneside,carremedium
138,FL-170S-A6-40,75,saver,14.96,170gsilk,oneside,a6
139,FL-170S-A6-40,75,standard,15.75,170gsilk,oneside,a6
140,FL-170S-A4-44,75,express,22.32,170gsilk,bothsides,a4
141,FL-170S-A4-44,75,standard,20.29,170gsilk,bothsides,a4
142,FL-170S-A4-44,75,saver,19.27,170gsilk,bothsides,a4
143,FL-170S-A6-40,75,express,17.32,170gsilk,oneside,a6
144,FL-170S-A4-40,75,express,21.2,170gsilk,oneside,a4
145,FL-170S-A4-40,75,standard,19.27,170gsilk,oneside,a4
146,FL-170S-A4-40,75,saver,18.31,170gsilk,oneside,a4
147,FL-170S-A7-44,75,express,15.78,170gsilk,bothsides,a7
148,FL-170S-A7-44,75,standard,13.62,170gsilk,bothsides,a7
149,FL-170S-A7-44,75,saver,12.94,170gsilk,bothsides,a7
150,FL-170S-VM-44,75,standard,17.32,170gsilk,bothsides,carremedium
151,FL-170S-VM-44,75,express,19.05,170gsilk,bothsides,carremedium
152,FL-170S-VK-44,75,saver,15.75,170gsilk,bothsides,carresmall
153,FL-170S-VK-44,75,standard,16.58,170gsilk,bothsides,carresmall
154,FL-170S-VK-44,75,express,18.23,170gsilk,bothsides,carresmall
155,FL-170S-VM-44,75,saver,16.45,170gsilk,bothsides,carremedium
156,FL-170S-VG-40,75,standard,20.14,170gsilk,oneside,carrelarge
157,FL-170S-VG-40,75,saver,19.14,170gsilk,oneside,carrelarge
158,FL-170S-XL-44,75,express,28.51,170gsilk,bothsides,xlong
159,FL-170S-XL-44,75,standard,23.91,170gsilk,bothsides,xlong
160,FL-170S-XL-44,75,saver,19.31,170gsilk,bothsides,xlong
161,FL-170S-VG-40,75,express,23.32,170gsilk,oneside,carrelarge
162,FL-170S-VK-40,75,standard,15.75,170gsilk,oneside,carresmall
163,FL-170S-VK-40,75,express,17.32,170gsilk,oneside,carresmall
164,FL-170S-VK-40,75,saver,14.96,170gsilk,oneside,carresmall
165,FL-170S-A7-40,75,express,14.34,170gsilk,oneside,a7
166,FL-170S-A7-40,75,standard,12.37,170gsilk,oneside,a7
167,FL-170S-A7-40,75,saver,11.77,170gsilk,oneside,a7
168,FL-170S-AL-44,75,express,25.75,170gsilk,bothsides,along
169,FL-170S-AL-44,75,standard,21.15,170gsilk,bothsides,along
170,FL-170S-AL-44,75,saver,16.55,170gsilk,bothsides,along
171,FL-170S-AL-40,75,saver,15.45,170gsilk,oneside,along
172,FL-170S-AL-40,75,standard,20.23,170gsilk,oneside,along
173,FL-170S-AL-40,75,express,24.83,170gsilk,oneside,along
174,FL-170S-A5-40,75,saver,15.63,170gsilk,oneside,a5
175,FL-170S-A5-40,75,standard,16.45,170gsilk,oneside,a5
176,FL-170S-A5-40,75,express,18.09,170gsilk,oneside,a5
177,FL-170S-US-40,75,express,18.36,170gsilk,oneside,us
178,FL-170S-US-40,75,standard,16.69,170gsilk,oneside,us
179,FL-170S-US-40,75,saver,15.85,170gsilk,oneside,us
180,FL-170S-VK-40,100,express,17.57,170gsilk,oneside,carresmall
181,FL-170S-A4-40,100,saver,19.64,170gsilk,oneside,a4
182,FL-170S-A4-40,100,standard,20.68,170gsilk,oneside,a4
183,FL-170S-A4-40,100,express,22.75,170gsilk,oneside,a4
184,FL-170S-VK-40,100,saver,15.18,170gsilk,oneside,carresmall
185,FL-170S-VK-40,100,standard,15.98,170gsilk,oneside,carresmall
186,FL-170S-A7-44,100,express,15.95,170gsilk,bothsides,a7
187,FL-170S-A7-44,100,standard,13.77,170gsilk,bothsides,a7
188,FL-170S-A7-44,100,saver,13.08,170gsilk,bothsides,a7
189,FL-170S-A5-40,100,saver,16.07,170gsilk,oneside,a5
190,FL-170S-A4-44,100,express,23.95,170gsilk,bothsides,a4
191,FL-170S-A5-40,100,standard,16.92,170gsilk,oneside,a5
192,FL-170S-A5-40,100,express,18.61,170gsilk,oneside,a5
193,FL-170S-A4-44,100,standard,21.77,170gsilk,bothsides,a4
194,FL-170S-A4-44,100,saver,20.68,170gsilk,bothsides,a4
195,FL-170S-VM-40,100,express,18.61,170gsilk,oneside,carremedium
196,FL-170S-VM-40,100,standard,16.92,170gsilk,oneside,carremedium
197,FL-170S-VM-40,100,saver,16.07,170gsilk,oneside,carremedium
198,FL-170S-US-44,100,express,19.59,170gsilk,bothsides,us
199,FL-170S-US-44,100,standard,17.81,170gsilk,bothsides,us
200,FL-170S-US-44,100,saver,16.92,170gsilk,bothsides,us
201,FL-170S-AL-40,100,express,25.29,170gsilk,oneside,along
202,FL-170S-AL-40,100,standard,20.69,170gsilk,oneside,along
203,FL-170S-AL-40,100,saver,15.91,170gsilk,oneside,along
204,FL-170S-AL-44,100,saver,17.47,170gsilk,bothsides,along
205,FL-170S-AL-44,100,standard,22.07,170gsilk,bothsides,along
206,FL-170S-AL-44,100,express,26.67,170gsilk,bothsides,along
207,FL-170S-A5-44,100,standard,17.81,170gsilk,bothsides,a5
208,FL-170S-A5-44,100,express,19.59,170gsilk,bothsides,a5
209,FL-170S-A5-44,100,saver,16.92,170gsilk,bothsides,a5
210,FL-170S-A7-40,100,saver,11.84,170gsilk,oneside,a7
211,FL-170S-A7-40,100,standard,12.46,170gsilk,oneside,a7
212,FL-170S-A7-40,100,express,14.42,170gsilk,oneside,a7
213,FL-170S-A6-40,100,express,17.57,170gsilk,oneside,a6
214,FL-170S-VK-44,100,express,18.5,170gsilk,bothsides,carresmall
215,FL-170S-VK-44,100,standard,16.82,170gsilk,bothsides,carresmall
216,FL-170S-VK-44,100,saver,15.98,170gsilk,bothsides,carresmall
217,FL-170S-A6-40,100,standard,15.98,170gsilk,oneside,a6
218,FL-170S-A6-40,100,saver,15.18,170gsilk,oneside,a6
219,FL-170S-VG-44,100,express,23.95,170gsilk,bothsides,carrelarge
220,FL-170S-XL-40,100,express,27.59,170gsilk,oneside,xlong
221,FL-170S-XL-40,100,standard,22.99,170gsilk,oneside,xlong
222,FL-170S-XL-40,100,saver,18.21,170gsilk,oneside,xlong
223,FL-170S-VG-44,100,saver,20.68,170gsilk,bothsides,carrelarge
224,FL-170S-VG-44,100,standard,21.77,170gsilk,bothsides,carrelarge
225,FL-170S-XL-44,100,express,30.35,170gsilk,bothsides,xlong
226,FL-170S-XL-44,100,saver,21.15,170gsilk,bothsides,xlong
227,FL-170S-XL-44,100,standard,25.75,170gsilk,bothsides,xlong
228,FL-170S-US-40,100,saver,16.07,170gsilk,oneside,us
229,FL-170S-VG-40,100,standard,21.69,170gsilk,oneside,carrelarge
230,FL-170S-VG-40,100,express,25.12,170gsilk,oneside,carrelarge
231,FL-170S-VM-44,100,saver,16.92,170gsilk,bothsides,carremedium
232,FL-170S-VM-44,100,standard,17.81,170gsilk,bothsides,carremedium
233,FL-170S-VM-44,100,express,19.59,170gsilk,bothsides,carremedium
234,FL-170S-A6-44,100,express,18.5,170gsilk,bothsides,a6
235,FL-170S-A6-44,100,standard,16.82,170gsilk,bothsides,a6
236,FL-170S-A6-44,100,saver,15.98,170gsilk,bothsides,a6
237,FL-170S-VG-40,100,saver,20.62,170gsilk,oneside,carrelarge
238,FL-170S-US-40,100,express,18.61,170gsilk,oneside,us
239,FL-170S-US-40,100,standard,16.92,170gsilk,oneside,us
240,FL-170S-XL-40,150,express,29.89,170gsilk,oneside,xlong
241,FL-170S-XL-40,150,standard,25.29,170gsilk,oneside,xlong
242,FL-170S-XL-40,150,saver,20.69,170gsilk,oneside,xlong
243,FL-170S-US-40,150,express,19.14,170gsilk,oneside,us
244,FL-170S-VG-40,150,express,27.26,170gsilk,oneside,carrelarge
245,FL-170S-VG-40,150,standard,23.54,170gsilk,oneside,carrelarge
246,FL-170S-VG-40,150,saver,22.36,170gsilk,oneside,carrelarge
247,FL-170S-VK-40,150,express,18.1,170gsilk,oneside,carresmall
248,FL-170S-VK-40,150,saver,15.63,170gsilk,oneside,carresmall
249,FL-170S-VK-40,150,standard,16.45,170gsilk,oneside,carresmall
250,FL-170S-US-40,150,saver,16.52,170gsilk,oneside,us
251,FL-170S-US-40,150,standard,17.39,170gsilk,oneside,us
252,FL-170S-XL-44,150,express,34.03,170gsilk,bothsides,xlong
253,FL-170S-XL-44,150,standard,29.43,170gsilk,bothsides,xlong
254,FL-170S-XL-44,150,saver,24.83,170gsilk,bothsides,xlong
255,FL-170S-VG-44,150,express,28.3,170gsilk,bothsides,carrelarge
256,FL-170S-AL-44,150,saver,19.31,170gsilk,bothsides,along
257,FL-170S-AL-44,150,standard,23.91,170gsilk,bothsides,along
258,FL-170S-AL-44,150,express,28.51,170gsilk,bothsides,along
259,FL-170S-A7-40,150,express,15.52,170gsilk,oneside,a7
260,FL-170S-A7-40,150,standard,13.4,170gsilk,oneside,a7
261,FL-170S-A7-40,150,saver,12.74,170gsilk,oneside,a7
262,FL-170S-A5-40,150,saver,19.64,170gsilk,oneside,a5
263,FL-170S-A5-40,150,standard,20.68,170gsilk,oneside,a5
264,FL-170S-A5-40,150,express,22.75,170gsilk,oneside,a5
265,FL-170S-VG-44,150,saver,24.44,170gsilk,bothsides,carrelarge
266,FL-170S-VG-44,150,standard,25.73,170gsilk,bothsides,carrelarge
267,FL-170S-A6-40,150,standard,16.45,170gsilk,oneside,a6
268,FL-170S-A6-40,150,express,18.1,170gsilk,oneside,a6
269,FL-170S-A6-40,150,saver,15.63,170gsilk,oneside,a6
270,FL-170S-AL-40,150,express,26.21,170gsilk,oneside,along
271,FL-170S-AL-40,150,standard,21.61,170gsilk,oneside,along
272,FL-170S-A5-44,150,saver,20.68,170gsilk,bothsides,a5
273,FL-170S-A5-44,150,standard,21.77,170gsilk,bothsides,a5
274,FL-170S-A5-44,150,express,23.95,170gsilk,bothsides,a5
275,FL-170S-A6-44,150,express,19.05,170gsilk,bothsides,a6
276,FL-170S-A6-44,150,standard,17.32,170gsilk,bothsides,a6
277,FL-170S-A6-44,150,saver,16.44,170gsilk,bothsides,a6
278,FL-170S-VK-44,150,saver,16.44,170gsilk,bothsides,carresmall
279,FL-170S-VK-44,150,standard,17.32,170gsilk,bothsides,carresmall
280,FL-170S-VK-44,150,express,19.05,170gsilk,bothsides,carresmall
281,FL-170S-A7-44,150,express,17.39,170gsilk,bothsides,a7
282,FL-170S-A7-44,150,standard,15.01,170gsilk,bothsides,a7
283,FL-170S-A7-44,150,saver,14.27,170gsilk,bothsides,a7
284,FL-170S-VM-44,150,saver,20.68,170gsilk,bothsides,carremedium
285,FL-170S-VM-44,150,standard,21.77,170gsilk,bothsides,carremedium
286,FL-170S-VM-44,150,express,23.95,170gsilk,bothsides,carremedium
287,FL-170S-AL-40,150,saver,17.01,170gsilk,oneside,along
288,FL-170S-US-44,150,express,20.14,170gsilk,bothsides,us
289,FL-170S-VM-40,150,express,22.75,170gsilk,oneside,carremedium
290,FL-170S-US-44,150,saver,17.39,170gsilk,bothsides,us
291,FL-170S-A4-40,150,express,26.89,170gsilk,oneside,a4
292,FL-170S-US-44,150,standard,18.31,170gsilk,bothsides,us
293,FL-170S-A4-44,150,saver,24.44,170gsilk,bothsides,a4
294,FL-170S-A4-44,150,express,28.3,170gsilk,bothsides,a4
295,FL-170S-A4-44,150,standard,25.73,170gsilk,bothsides,a4
296,FL-170S-A4-40,150,standard,24.44,170gsilk,oneside,a4
297,FL-170S-VM-40,150,saver,18.74,170gsilk,oneside,carremedium
298,FL-170S-VM-40,150,standard,19.71,170gsilk,oneside,carremedium
299,FL-170S-A4-40,150,saver,23.22,170gsilk,oneside,a4
300,FL-170S-VM-44,200,saver,23.06,170gsilk,bothsides,carremedium
301,FL-170S-VM-44,200,standard,24.28,170gsilk,bothsides,carremedium
302,FL-170S-VM-44,200,express,27.22,170gsilk,bothsides,carremedium
303,FL-170S-VK-44,200,standard,17.81,170gsilk,bothsides,carresmall
304,FL-170S-A6-40,200,saver,16.07,170gsilk,oneside,a6
305,FL-170S-A6-40,200,standard,16.92,170gsilk,oneside,a6
306,FL-170S-A6-40,200,express,18.61,170gsilk,oneside,a6
307,FL-170S-VG-44,200,express,32.66,170gsilk,bothsides,carrelarge
308,FL-170S-VG-44,200,standard,29.69,170gsilk,bothsides,carrelarge
309,FL-170S-VG-44,200,saver,28.21,170gsilk,bothsides,carrelarge
310,FL-170S-VK-44,200,saver,16.92,170gsilk,bothsides,carresmall
311,FL-170S-VK-44,200,express,19.59,170gsilk,bothsides,carresmall
312,FL-170S-A7-40,200,express,15.93,170gsilk,oneside,a7
313,FL-170S-A7-40,200,standard,13.75,170gsilk,oneside,a7
314,FL-170S-A7-40,200,saver,13.07,170gsilk,oneside,a7
315,FL-170S-A4-44,200,standard,29.69,170gsilk,bothsides,a4
316,FL-170S-A4-44,200,express,32.66,170gsilk,bothsides,a4
317,FL-170S-A4-44,200,saver,28.21,170gsilk,bothsides,a4
318,FL-170S-AL-44,200,standard,25.75,170gsilk,bothsides,along
319,FL-170S-AL-44,200,saver,21.15,170gsilk,bothsides,along
320,FL-170S-AL-44,200,express,30.35,170gsilk,bothsides,along
321,FL-170S-A4-40,200,express,31.03,170gsilk,oneside,a4
322,FL-170S-VK-40,200,saver,16.07,170gsilk,oneside,carresmall
323,FL-170S-VK-40,200,standard,16.92,170gsilk,oneside,carresmall
324,FL-170S-VK-40,200,express,18.61,170gsilk,oneside,carresmall
325,FL-170S-A4-40,200,saver,26.8,170gsilk,oneside,a4
326,FL-170S-A4-40,200,standard,28.21,170gsilk,oneside,a4
327,FL-170S-A5-40,200,saver,22.25,170gsilk,oneside,a5
328,FL-170S-A5-40,200,standard,23.41,170gsilk,oneside,a5
329,FL-170S-A5-40,200,express,25.85,170gsilk,oneside,a5
330,FL-170S-VM-40,200,saver,21.14,170gsilk,oneside,carremedium
331,FL-170S-VM-40,200,standard,22.24,170gsilk,oneside,carremedium
332,FL-170S-VM-40,200,express,25.77,170gsilk,oneside,carremedium
333,FL-170S-VG-40,200,express,31.17,170gsilk,oneside,carrelarge
334,FL-170S-VG-40,200,standard,28.33,170gsilk,oneside,carrelarge
335,FL-170S-VG-40,200,saver,25.5,170gsilk,oneside,carrelarge
336,FL-170S-XL-44,200,express,37.71,170gsilk,bothsides,xlong
337,FL-170S-XL-44,200,standard,33.11,170gsilk,bothsides,xlong
338,FL-170S-XL-44,200,saver,28.51,170gsilk,bothsides,xlong
339,FL-170S-US-40,200,saver,16.97,170gsilk,oneside,us
340,FL-170S-US-40,200,standard,17.86,170gsilk,oneside,us
341,FL-170S-US-40,200,express,19.65,170gsilk,oneside,us
342,FL-170S-A7-44,200,saver,14.47,170gsilk,bothsides,a7
343,FL-170S-A7-44,200,standard,15.23,170gsilk,bothsides,a7
344,FL-170S-A7-44,200,express,17.64,170gsilk,bothsides,a7
345,FL-170S-A6-44,200,express,19.59,170gsilk,bothsides,a6
346,FL-170S-A6-44,200,standard,17.81,170gsilk,bothsides,a6
347,FL-170S-A6-44,200,saver,16.92,170gsilk,bothsides,a6
348,FL-170S-US-44,200,saver,17.62,170gsilk,bothsides,us
349,FL-170S-XL-40,200,saver,22.99,170gsilk,oneside,xlong
350,FL-170S-US-44,200,standard,18.8,170gsilk,bothsides,us
351,FL-170S-US-44,200,express,20.68,170gsilk,bothsides,us
352,FL-170S-XL-40,200,standard,27.59,170gsilk,oneside,xlong
353,FL-170S-XL-40,200,express,32.19,170gsilk,oneside,xlong
354,FL-170S-AL-40,200,saver,18.21,170gsilk,oneside,along
355,FL-170S-AL-40,200,standard,22.99,170gsilk,oneside,along
356,FL-170S-AL-40,200,express,27.59,170gsilk,oneside,along
357,FL-170S-A5-44,200,express,27.22,170gsilk,bothsides,a5
358,FL-170S-A5-44,200,standard,24.74,170gsilk,bothsides,a5
359,FL-170S-A5-44,200,saver,23.5,170gsilk,bothsides,a5
360,FL-170S-US-40,250,saver,17.86,170gsilk,oneside,us
361,FL-170S-US-40,250,standard,18.8,170gsilk,oneside,us
362,FL-170S-US-40,250,express,20.68,170gsilk,oneside,us
363,FL-170S-VM-40,250,saver,23.3,170gsilk,oneside,carremedium
364,FL-170S-VM-40,250,standard,25.82,170gsilk,oneside,carremedium
365,FL-170S-VM-40,250,express,29.89,170gsilk,oneside,carremedium
366,FL-170S-VM-44,250,standard,25.94,170gsilk,bothsides,carremedium
367,FL-170S-US-44,250,standard,19.79,170gsilk,bothsides,us
368,FL-170S-US-44,250,express,21.77,170gsilk,bothsides,us
369,FL-170S-A7-40,250,saver,13.48,170gsilk,oneside,a7
370,FL-170S-XL-44,250,saver,32.19,170gsilk,bothsides,xlong
371,FL-170S-XL-44,250,standard,36.79,170gsilk,bothsides,xlong
372,FL-170S-XL-44,250,express,41.39,170gsilk,bothsides,xlong
373,FL-170S-A4-40,250,express,39.72,170gsilk,oneside,a4
374,FL-170S-A4-40,250,standard,34.31,170gsilk,oneside,a4
375,FL-170S-A6-44,250,express,20.68,170gsilk,bothsides,a6
376,FL-170S-A6-44,250,standard,18.8,170gsilk,bothsides,a6
377,FL-170S-A6-44,250,saver,16.96,170gsilk,bothsides,a6
378,FL-170S-VM-44,250,saver,24.66,170gsilk,bothsides,carremedium
379,FL-170S-US-44,250,saver,17.85,170gsilk,bothsides,us
380,FL-170S-VK-44,250,saver,17.86,170gsilk,bothsides,carresmall
381,FL-170S-VK-44,250,standard,18.8,170gsilk,bothsides,carresmall
382,FL-170S-VK-44,250,express,21.4,170gsilk,bothsides,carresmall
383,FL-170S-VM-44,250,express,30.06,170gsilk,bothsides,carremedium
384,FL-170S-A7-40,250,standard,14.19,170gsilk,oneside,a7
385,FL-170S-A7-40,250,express,16.44,170gsilk,oneside,a7
386,FL-170S-AL-40,250,express,28.51,170gsilk,oneside,along
387,FL-170S-AL-40,250,standard,23.91,170gsilk,oneside,along
388,FL-170S-AL-40,250,saver,19.31,170gsilk,oneside,along
389,FL-170S-A5-44,250,express,31.63,170gsilk,bothsides,a5
390,FL-170S-A5-44,250,standard,27.31,170gsilk,bothsides,a5
391,FL-170S-A5-44,250,saver,25.95,170gsilk,bothsides,a5
392,FL-170S-A4-44,250,standard,39.59,170gsilk,bothsides,a4
393,FL-170S-A4-44,250,saver,35.71,170gsilk,bothsides,a4
394,FL-170S-A4-44,250,express,43.55,170gsilk,bothsides,a4
395,FL-170S-VG-40,250,express,37.74,170gsilk,oneside,carrelarge
396,FL-170S-VG-40,250,standard,32.59,170gsilk,oneside,carrelarge
397,FL-170S-VG-40,250,saver,30.97,170gsilk,oneside,carrelarge
398,FL-170S-AL-44,250,saver,22.99,170gsilk,bothsides,along
399,FL-170S-AL-44,250,standard,27.59,170gsilk,bothsides,along
400,FL-170S-AL-44,250,express,32.19,170gsilk,bothsides,along
401,FL-170S-A7-44,250,saver,15.17,170gsilk,bothsides,a7
402,FL-170S-A7-44,250,standard,16.26,170gsilk,bothsides,a7
403,FL-170S-A7-44,250,express,18.5,170gsilk,bothsides,a7
404,FL-170S-XL-40,250,saver,25.29,170gsilk,oneside,xlong
405,FL-170S-XL-40,250,express,34.49,170gsilk,oneside,xlong
406,FL-170S-XL-40,250,standard,29.89,170gsilk,oneside,xlong
407,FL-170S-VG-44,250,saver,36.45,170gsilk,bothsides,carrelarge
408,FL-170S-A6-40,250,express,19.65,170gsilk,oneside,a6
409,FL-170S-VG-44,250,standard,39.59,170gsilk,bothsides,carrelarge
410,FL-170S-A5-40,250,saver,24.54,170gsilk,oneside,a5
411,FL-170S-A5-40,250,standard,27.19,170gsilk,oneside,a5
412,FL-170S-A5-40,250,express,29.94,170gsilk,oneside,a5
413,FL-170S-VK-40,250,saver,16.97,170gsilk,oneside,carresmall
414,FL-170S-VK-40,250,standard,17.86,170gsilk,oneside,carresmall
415,FL-170S-VK-40,250,express,19.65,170gsilk,oneside,carresmall
416,FL-170S-VG-44,250,express,43.55,170gsilk,bothsides,carrelarge
417,FL-170S-A4-40,250,saver,32.6,170gsilk,oneside,a4
418,FL-170S-A6-40,250,saver,16.97,170gsilk,oneside,a6
419,FL-170S-A6-40,250,standard,17.86,170gsilk,oneside,a6
420,FL-170S-XL-40,500,saver,36.33,170gsilk,oneside,xlong
421,FL-170S-A4-44,500,express,60.21,170gsilk,bothsides,a4
422,FL-170S-XL-40,500,express,45.53,170gsilk,oneside,xlong
423,FL-170S-XL-40,500,standard,40.93,170gsilk,oneside,xlong
424,FL-170S-A7-44,500,express,22.62,170gsilk,bothsides,a7
425,FL-170S-A7-44,500,standard,17.81,170gsilk,bothsides,a7
426,FL-170S-A7-44,500,saver,16.06,170gsilk,bothsides,a7
427,FL-170S-AL-40,500,express,34.49,170gsilk,oneside,along
428,FL-170S-A4-44,500,standard,55.19,170gsilk,bothsides,a4
429,FL-170S-A5-44,500,express,36.92,170gsilk,bothsides,a5
430,FL-170S-A5-44,500,standard,33.84,170gsilk,bothsides,a5
431,FL-170S-A5-44,500,saver,30.76,170gsilk,bothsides,a5
432,FL-170S-A4-44,500,saver,50.17,170gsilk,bothsides,a4
433,FL-170S-AL-40,500,standard,29.89,170gsilk,oneside,along
434,FL-170S-US-44,500,standard,23.75,170gsilk,bothsides,us
435,FL-170S-US-44,500,express,28.39,170gsilk,bothsides,us
436,FL-170S-VK-44,500,saver,20.68,170gsilk,bothsides,carresmall
437,FL-170S-AL-40,500,saver,25.29,170gsilk,oneside,along
438,FL-170S-VK-44,500,standard,21.77,170gsilk,bothsides,carresmall
439,FL-170S-VK-44,500,express,28.78,170gsilk,bothsides,carresmall
440,FL-170S-US-44,500,saver,21.42,170gsilk,bothsides,us
441,FL-170S-A6-40,500,saver,19.64,170gsilk,oneside,a6
442,FL-170S-A7-40,500,standard,16.92,170gsilk,oneside,a7
443,FL-170S-A7-40,500,saver,15.08,170gsilk,oneside,a7
444,FL-170S-A6-44,500,express,23.95,170gsilk,bothsides,a6
445,FL-170S-A6-44,500,standard,21.77,170gsilk,bothsides,a6
446,FL-170S-VM-44,500,express,42.81,170gsilk,bothsides,carremedium
447,FL-170S-VM-44,500,standard,32.41,170gsilk,bothsides,carremedium
448,FL-170S-VM-44,500,saver,29.32,170gsilk,bothsides,carremedium
449,FL-170S-A6-44,500,saver,19.64,170gsilk,bothsides,a6
450,FL-170S-A7-40,500,express,18.85,170gsilk,oneside,a7
451,FL-170S-A6-40,500,express,22.75,170gsilk,oneside,a6
452,FL-170S-A6-40,500,standard,20.68,170gsilk,oneside,a6
453,FL-170S-VG-40,500,standard,44.25,170gsilk,oneside,carrelarge
454,FL-170S-VG-40,500,express,48.28,170gsilk,oneside,carrelarge
455,FL-170S-A5-40,500,saver,26.83,170gsilk,oneside,a5
456,FL-170S-VG-40,500,saver,39.85,170gsilk,oneside,carrelarge
457,FL-170S-VK-40,500,saver,19.64,170gsilk,oneside,carresmall
458,FL-170S-VK-40,500,standard,20.68,170gsilk,oneside,carresmall
459,FL-170S-VK-40,500,express,23.37,170gsilk,oneside,carresmall
460,FL-170S-VG-44,500,express,65.43,170gsilk,bothsides,carrelarge
461,FL-170S-VG-44,500,standard,45.12,170gsilk,bothsides,carrelarge
462,FL-170S-VG-44,500,saver,41.02,170gsilk,bothsides,carrelarge
463,FL-170S-US-40,500,express,24.82,170gsilk,oneside,us
464,FL-170S-US-40,500,standard,22.56,170gsilk,oneside,us
465,FL-170S-US-40,500,saver,21.43,170gsilk,oneside,us
466,FL-170S-A5-40,500,express,34.94,170gsilk,oneside,a5
467,FL-170S-A5-40,500,standard,32.03,170gsilk,oneside,a5
468,FL-170S-A4-40,500,standard,51.86,170gsilk,oneside,a4
469,FL-170S-A4-40,500,saver,47.08,170gsilk,oneside,a4
470,FL-170S-AL-44,500,express,36.33,170gsilk,bothsides,along
471,FL-170S-AL-44,500,saver,27.13,170gsilk,bothsides,along
472,FL-170S-AL-44,500,standard,31.73,170gsilk,bothsides,along
473,FL-170S-A4-40,500,express,56.58,170gsilk,oneside,a4
474,FL-170S-VM-40,500,express,35.28,170gsilk,oneside,carremedium
475,FL-170S-VM-40,500,saver,25.48,170gsilk,oneside,carremedium
476,FL-170S-VM-40,500,standard,30.46,170gsilk,oneside,carremedium
477,FL-170S-XL-44,500,express,54.27,170gsilk,bothsides,xlong
478,FL-170S-XL-44,500,standard,48.75,170gsilk,bothsides,xlong
479,FL-170S-XL-44,500,saver,44.15,170gsilk,bothsides,xlong
480,FL-170S-A4-40,1000,standard,67.82,170gsilk,oneside,a4
481,FL-170S-A4-40,1000,saver,59.73,170gsilk,oneside,a4
482,FL-170S-A4-40,1000,express,73.98,170gsilk,oneside,a4
483,FL-170S-US-44,1000,express,44.76,170gsilk,bothsides,us
484,FL-170S-US-44,1000,saver,26.78,170gsilk,bothsides,us
485,FL-170S-US-44,1000,standard,29.69,170gsilk,bothsides,us
486,FL-170S-A4-44,1000,express,76.05,170gsilk,bothsides,a4
487,FL-170S-A5-40,1000,express,47.88,170gsilk,oneside,a5
488,FL-170S-VK-40,1000,standard,23.5,170gsilk,oneside,carresmall
489,FL-170S-VK-40,1000,express,30.81,170gsilk,oneside,carresmall
490,FL-170S-VK-40,1000,saver,22.32,170gsilk,oneside,carresmall
491,FL-170S-VM-40,1000,saver,40.36,170gsilk,oneside,carremedium
492,FL-170S-VM-40,1000,standard,44.4,170gsilk,oneside,carremedium
493,FL-170S-VM-40,1000,express,53.74,170gsilk,oneside,carremedium
494,FL-170S-AL-44,1000,express,48.75,170gsilk,bothsides,along
495,FL-170S-AL-44,1000,standard,37.71,170gsilk,bothsides,along
496,FL-170S-AL-44,1000,saver,33.11,170gsilk,bothsides,along
497,FL-170S-A4-44,1000,saver,63.38,170gsilk,bothsides,a4
498,FL-170S-A4-44,1000,standard,69.71,170gsilk,bothsides,a4
499,FL-170S-A7-40,1000,saver,17.86,170gsilk,oneside,a7
500,FL-170S-A7-40,1000,express,23.69,170gsilk,oneside,a7
501,FL-170S-A7-40,1000,standard,18.8,170gsilk,oneside,a7
502,FL-170S-A5-40,1000,standard,43.89,170gsilk,oneside,a5
503,FL-170S-A5-40,1000,saver,39.9,170gsilk,oneside,a5
504,FL-170S-A6-44,1000,express,27.22,170gsilk,bothsides,a6
505,FL-170S-VK-44,1000,saver,23.5,170gsilk,bothsides,carresmall
506,FL-170S-VK-44,1000,standard,24.74,170gsilk,bothsides,carresmall
507,FL-170S-VK-44,1000,express,40.64,170gsilk,bothsides,carresmall
508,FL-170S-A6-44,1000,standard,24.74,170gsilk,bothsides,a6
509,FL-170S-A6-44,1000,saver,22.32,170gsilk,bothsides,a6
510,FL-170S-VM-44,1000,saver,41.22,170gsilk,bothsides,carremedium
511,FL-170S-VM-44,1000,standard,45.34,170gsilk,bothsides,carremedium
512,FL-170S-VM-44,1000,express,52.79,170gsilk,bothsides,carremedium
513,FL-170S-A6-40,1000,saver,22.32,170gsilk,oneside,a6
514,FL-170S-A6-40,1000,standard,23.5,170gsilk,oneside,a6
515,FL-170S-A6-40,1000,express,25.85,170gsilk,oneside,a6
516,FL-170S-XL-44,1000,express,79.11,170gsilk,bothsides,xlong
517,FL-170S-XL-44,1000,standard,58.87,170gsilk,bothsides,xlong
518,FL-170S-XL-44,1000,saver,54.27,170gsilk,bothsides,xlong
519,FL-170S-XL-40,1000,saver,57.03,170gsilk,oneside,xlong
520,FL-170S-XL-40,1000,standard,61.63,170gsilk,oneside,xlong
521,FL-170S-XL-40,1000,express,66.23,170gsilk,oneside,xlong
522,FL-170S-VG-44,1000,express,96.8,170gsilk,bothsides,carrelarge
523,FL-170S-VG-44,1000,standard,55.44,170gsilk,bothsides,carrelarge
524,FL-170S-VG-44,1000,saver,50.4,170gsilk,bothsides,carrelarge
525,FL-170S-A5-44,1000,saver,40.83,170gsilk,bothsides,a5
526,FL-170S-A5-44,1000,standard,44.91,170gsilk,bothsides,a5
527,FL-170S-A7-44,1000,saver,17.85,170gsilk,bothsides,a7
528,FL-170S-A7-44,1000,standard,19.79,170gsilk,bothsides,a7
529,FL-170S-A7-44,1000,express,30.45,170gsilk,bothsides,a7
530,FL-170S-A5-44,1000,express,49,170gsilk,bothsides,a5
531,FL-170S-AL-40,1000,saver,36.33,170gsilk,oneside,along
532,FL-170S-AL-40,1000,express,45.53,170gsilk,oneside,along
533,FL-170S-AL-40,1000,standard,40.93,170gsilk,oneside,along
534,FL-170S-VG-40,1000,standard,54.02,170gsilk,oneside,carrelarge
535,FL-170S-VG-40,1000,saver,49.11,170gsilk,oneside,carrelarge
536,FL-170S-VG-40,1000,express,76.42,170gsilk,oneside,carrelarge
537,FL-170S-US-40,1000,standard,28.21,170gsilk,oneside,us
538,FL-170S-US-40,1000,express,31.03,170gsilk,oneside,us
539,FL-170S-US-40,1000,saver,26.8,170gsilk,oneside,us
540,FL-170S-A5-44,2500,express,72.38,170gsilk,bothsides,a5
541,FL-170S-A5-44,2500,standard,66.35,170gsilk,bothsides,a5
542,FL-170S-A5-44,2500,saver,60.31,170gsilk,bothsides,a5
543,FL-170S-VM-40,2500,express,60.97,170gsilk,oneside,carremedium
544,FL-170S-VM-40,2500,standard,58.2,170gsilk,oneside,carremedium
545,FL-170S-VM-40,2500,saver,55.43,170gsilk,oneside,carremedium
546,FL-170S-A5-40,2500,express,70.19,170gsilk,oneside,a5
547,FL-170S-A5-40,2500,standard,64.34,170gsilk,oneside,a5
548,FL-170S-A5-40,2500,saver,58.49,170gsilk,oneside,a5
549,FL-170S-US-44,2500,standard,45.53,170gsilk,bothsides,us
550,FL-170S-US-44,2500,express,50.08,170gsilk,bothsides,us
551,FL-170S-US-44,2500,saver,41.07,170gsilk,bothsides,us
552,FL-170S-AL-40,2500,standard,54.27,170gsilk,oneside,along
553,FL-170S-AL-40,2500,saver,49.67,170gsilk,oneside,along
554,FL-170S-VK-40,2500,standard,37.61,170gsilk,oneside,carresmall
555,FL-170S-VK-40,2500,saver,35.73,170gsilk,oneside,carresmall
556,FL-170S-VK-44,2500,standard,39.59,170gsilk,bothsides,carresmall
557,FL-170S-VK-44,2500,saver,37.61,170gsilk,bothsides,carresmall
558,FL-170S-A4-40,2500,standard,126.02,170gsilk,oneside,a4
559,FL-170S-A4-40,2500,express,137.48,170gsilk,oneside,a4
560,FL-170S-A4-40,2500,saver,114.56,170gsilk,oneside,a4
561,FL-170S-A7-44,2500,saver,24.99,170gsilk,bothsides,a7
562,FL-170S-VM-44,2500,saver,57.06,170gsilk,bothsides,carremedium
563,FL-170S-A7-44,2500,standard,27.71,170gsilk,bothsides,a7
564,FL-170S-VM-44,2500,express,62.77,170gsilk,bothsides,carremedium
565,FL-170S-A6-44,2500,express,43.55,170gsilk,bothsides,a6
566,FL-170S-A6-44,2500,standard,39.59,170gsilk,bothsides,a6
567,FL-170S-VM-44,2500,standard,59.92,170gsilk,bothsides,carremedium
568,FL-170S-A6-44,2500,saver,35.71,170gsilk,bothsides,a6
569,FL-170S-A4-44,2500,saver,118.37,170gsilk,bothsides,a4
570,FL-170S-A4-44,2500,standard,130.21,170gsilk,bothsides,a4
571,FL-170S-A4-44,2500,express,142.05,170gsilk,bothsides,a4
572,FL-170S-A6-40,2500,express,41.37,170gsilk,oneside,a6
573,FL-170S-A6-40,2500,standard,37.61,170gsilk,oneside,a6
574,FL-170S-A6-40,2500,saver,35.73,170gsilk,oneside,a6
575,FL-170S-XL-40,2500,standard,92.91,170gsilk,oneside,xlong
576,FL-170S-A7-40,2500,saver,23.44,170gsilk,oneside,a7
577,FL-170S-A7-40,2500,standard,26.32,170gsilk,oneside,a7
578,FL-170S-AL-44,2500,standard,54.27,170gsilk,bothsides,along
579,FL-170S-VG-44,2500,saver,87.43,170gsilk,bothsides,carrelarge
580,FL-170S-VG-44,2500,standard,91.8,170gsilk,bothsides,carrelarge
581,FL-170S-VG-44,2500,express,96.17,170gsilk,bothsides,carrelarge
582,FL-170S-AL-44,2500,saver,49.67,170gsilk,bothsides,along
583,FL-170S-XL-40,2500,saver,88.31,170gsilk,oneside,xlong
584,FL-170S-XL-44,2500,saver,88.31,170gsilk,bothsides,xlong
585,FL-170S-XL-44,2500,standard,92.91,170gsilk,bothsides,xlong
586,FL-170S-US-40,2500,express,47.58,170gsilk,oneside,us
587,FL-170S-VG-40,2500,saver,84.58,170gsilk,oneside,carrelarge
588,FL-170S-US-40,2500,saver,41.09,170gsilk,oneside,us
589,FL-170S-VG-40,2500,standard,88.81,170gsilk,oneside,carrelarge
590,FL-170S-US-40,2500,standard,43.25,170gsilk,oneside,us
591,FL-170S-VG-40,2500,express,93.04,170gsilk,oneside,carrelarge
592,FL-170S-A6-40,5000,saver,44.66,170gsilk,oneside,a6
593,FL-170S-A6-40,5000,express,51.72,170gsilk,oneside,a6
594,FL-170S-A6-40,5000,standard,47.02,170gsilk,oneside,a6
595,FL-170S-VG-44,5000,express,153.75,170gsilk,bothsides,carrelarge
596,FL-170S-US-44,5000,saver,57.36,170gsilk,bothsides,us
597,FL-170S-AL-40,5000,saver,78.19,170gsilk,oneside,along
598,FL-170S-AL-40,5000,standard,82.79,170gsilk,oneside,along
599,FL-170S-US-44,5000,standard,61.37,170gsilk,bothsides,us
600,FL-170S-VM-40,5000,express,94.28,170gsilk,oneside,carremedium
601,FL-170S-VM-40,5000,standard,80.59,170gsilk,oneside,carremedium
602,FL-170S-VM-40,5000,saver,76.75,170gsilk,oneside,carremedium
603,FL-170S-A4-44,5000,saver,187.54,170gsilk,bothsides,a4
604,FL-170S-VG-40,5000,express,144.48,170gsilk,oneside,carrelarge
605,FL-170S-A4-44,5000,standard,206.3,170gsilk,bothsides,a4
606,FL-170S-XL-44,5000,standard,150.87,170gsilk,bothsides,xlong
607,FL-170S-A4-44,5000,express,225.05,170gsilk,bothsides,a4
608,FL-170S-XL-44,5000,saver,144.43,170gsilk,bothsides,xlong
609,FL-170S-VG-40,5000,standard,137.6,170gsilk,oneside,carrelarge
610,FL-170S-VG-40,5000,saver,132.49,170gsilk,oneside,carrelarge
611,FL-170S-US-44,5000,express,74.76,170gsilk,bothsides,us
612,FL-170S-AL-44,5000,saver,78.19,170gsilk,bothsides,along
613,FL-170S-AL-44,5000,standard,82.79,170gsilk,bothsides,along
614,FL-170S-A5-44,5000,express,109.87,170gsilk,bothsides,a5
615,FL-170S-A5-44,5000,standard,100.72,170gsilk,bothsides,a5
616,FL-170S-A5-44,5000,saver,91.56,170gsilk,bothsides,a5
617,FL-170S-A6-44,5000,express,54.44,170gsilk,bothsides,a6
618,FL-170S-A6-44,5000,standard,49.49,170gsilk,bothsides,a6
619,FL-170S-A6-44,5000,saver,44.64,170gsilk,bothsides,a6
620,FL-170S-VK-44,5000,standard,49.49,170gsilk,bothsides,carresmall
621,FL-170S-VK-44,5000,saver,47.02,170gsilk,bothsides,carresmall
622,FL-170S-US-40,5000,saver,57.39,170gsilk,oneside,us
623,FL-170S-VM-44,5000,express,98.53,170gsilk,bothsides,carremedium
624,FL-170S-VM-44,5000,standard,83.34,170gsilk,bothsides,carremedium
625,FL-170S-VM-44,5000,saver,79.37,170gsilk,bothsides,carremedium
626,FL-170S-A7-44,5000,saver,28.57,170gsilk,bothsides,a7
627,FL-170S-A7-44,5000,standard,31.67,170gsilk,bothsides,a7
628,FL-170S-US-40,5000,standard,58.3,170gsilk,oneside,us
629,FL-170S-US-40,5000,express,69.94,170gsilk,oneside,us
630,FL-170S-VG-44,5000,standard,146.76,170gsilk,bothsides,carrelarge
631,FL-170S-A4-40,5000,standard,199.1,170gsilk,oneside,a4
632,FL-170S-A7-40,5000,saver,27.99,170gsilk,oneside,a7
633,FL-170S-VG-44,5000,saver,139.77,170gsilk,bothsides,carrelarge
634,FL-170S-A4-40,5000,express,217.2,170gsilk,oneside,a4
635,FL-170S-A4-40,5000,saver,181,170gsilk,oneside,a4
636,FL-170S-A7-40,5000,standard,30.09,170gsilk,oneside,a7
637,FL-170S-XL-40,5000,standard,150.87,170gsilk,oneside,xlong
638,FL-170S-XL-40,5000,saver,144.43,170gsilk,oneside,xlong
639,FL-170S-VK-40,5000,saver,44.66,170gsilk,oneside,carresmall
640,FL-170S-VK-40,5000,standard,47.02,170gsilk,oneside,carresmall
641,FL-170S-A5-40,5000,standard,97.41,170gsilk,oneside,a5
642,FL-170S-A5-40,5000,saver,88.56,170gsilk,oneside,a5
643,FL-170S-A5-40,5000,express,106.27,170gsilk,oneside,a5
644,FL-170S-US-40,10000,standard,131.8,170gsilk,oneside,us
645,FL-170S-VK-44,10000,standard,110.48,170gsilk,bothsides,carresmall
646,FL-170S-VK-44,10000,saver,93.9,170gsilk,bothsides,carresmall
647,FL-170S-US-40,10000,saver,125.52,170gsilk,oneside,us
648,FL-170S-US-40,10000,express,138.07,170gsilk,oneside,us
649,FL-170S-A5-44,10000,express,198.1,170gsilk,bothsides,a5
650,FL-170S-A5-44,10000,standard,171.09,170gsilk,bothsides,a5
651,FL-170S-A5-44,10000,saver,145.43,170gsilk,bothsides,a5
652,FL-170S-A5-40,10000,express,181.71,170gsilk,oneside,a5
653,FL-170S-VK-40,10000,saver,111.67,170gsilk,oneside,carresmall
654,FL-170S-A5-40,10000,standard,156.92,170gsilk,oneside,a5
655,FL-170S-VK-40,10000,standard,117.55,170gsilk,oneside,carresmall
656,FL-170S-A5-40,10000,saver,151.39,170gsilk,oneside,a5
657,FL-170S-A6-44,10000,express,108.77,170gsilk,bothsides,a6
658,FL-170S-A6-44,10000,standard,93.94,170gsilk,bothsides,a6
659,FL-170S-A6-44,10000,saver,81.86,170gsilk,bothsides,a6
660,FL-170S-A7-44,10000,standard,55.5,170gsilk,bothsides,a7
661,FL-170S-A7-44,10000,saver,47.18,170gsilk,bothsides,a7
662,FL-170S-VM-44,10000,express,157.45,170gsilk,bothsides,carremedium
663,FL-170S-VM-44,10000,standard,147.81,170gsilk,bothsides,carremedium
664,FL-170S-XL-40,10000,saver,241.95,170gsilk,oneside,xlong
665,FL-170S-XL-40,10000,standard,254.83,170gsilk,oneside,xlong
666,FL-170S-VM-44,10000,saver,138.16,170gsilk,bothsides,carremedium
667,FL-170S-A4-44,10000,saver,323.73,170gsilk,bothsides,a4
668,FL-170S-A4-44,10000,standard,356.1,170gsilk,bothsides,a4
669,FL-170S-A4-44,10000,express,388.47,170gsilk,bothsides,a4
670,FL-170S-A7-40,10000,saver,45.24,170gsilk,oneside,a7
671,FL-170S-VG-44,10000,express,263.9,170gsilk,bothsides,carrelarge
672,FL-170S-VG-40,10000,saver,205.12,170gsilk,oneside,carrelarge
673,FL-170S-VM-40,10000,express,149.08,170gsilk,oneside,carremedium
674,FL-170S-VM-40,10000,standard,137.9,170gsilk,oneside,carremedium
675,FL-170S-VM-40,10000,saver,126.72,170gsilk,oneside,carremedium
676,FL-170S-VG-44,10000,standard,251.91,170gsilk,bothsides,carrelarge
677,FL-170S-VG-44,10000,saver,239.91,170gsilk,bothsides,carrelarge
678,FL-170S-VG-40,10000,express,221.37,170gsilk,oneside,carrelarge
679,FL-170S-VG-40,10000,standard,205.25,170gsilk,oneside,carrelarge
680,FL-170S-US-44,10000,saver,130.54,170gsilk,bothsides,us
681,FL-170S-US-44,10000,standard,137.07,170gsilk,bothsides,us
682,FL-170S-AL-44,10000,standard,140.75,170gsilk,bothsides,along
683,FL-170S-AL-44,10000,saver,134.31,170gsilk,bothsides,along
684,FL-170S-US-44,10000,express,143.6,170gsilk,bothsides,us
685,FL-170S-A7-40,10000,standard,53.24,170gsilk,oneside,a7
686,FL-170S-XL-44,10000,standard,254.83,170gsilk,bothsides,xlong
687,FL-170S-A4-40,10000,express,374.32,170gsilk,oneside,a4
688,FL-170S-A4-40,10000,standard,330.87,170gsilk,oneside,a4
689,FL-170S-A4-40,10000,saver,281.24,170gsilk,oneside,a4
690,FL-170S-AL-40,10000,saver,134.31,170gsilk,oneside,along
691,FL-170S-AL-40,10000,standard,140.75,170gsilk,oneside,along
692,FL-170S-A6-40,10000,express,107.17,170gsilk,oneside,a6
693,FL-170S-XL-44,10000,saver,241.95,170gsilk,bothsides,xlong
694,FL-170S-A6-40,10000,saver,96.71,170gsilk,oneside,a6
695,FL-170S-A6-40,10000,standard,101.82,170gsilk,oneside,a6
696,FL-170S-A7-40,15000,saver,63.07,170gsilk,oneside,a7
697,FL-170S-VK-40,15000,saver,156.35,170gsilk,oneside,carresmall
698,FL-170S-A6-44,15000,saver,126.08,170gsilk,bothsides,a6
699,FL-170S-A6-44,15000,standard,138.69,170gsilk,bothsides,a6
700,FL-170S-US-44,15000,standard,181.15,170gsilk,bothsides,us
701,FL-170S-A5-40,15000,standard,246.31,170gsilk,oneside,a5
702,FL-170S-A5-40,15000,saver,209.66,170gsilk,oneside,a5
703,FL-170S-VK-40,15000,standard,164.58,170gsilk,oneside,carresmall
704,FL-170S-VG-44,15000,saver,344.05,170gsilk,bothsides,carrelarge
705,FL-170S-XL-40,15000,saver,346.83,170gsilk,oneside,xlong
706,FL-170S-VG-44,15000,standard,388.56,170gsilk,bothsides,carrelarge
707,FL-170S-VG-40,15000,standard,375.04,170gsilk,oneside,carrelarge
708,FL-170S-US-44,15000,saver,164.68,170gsilk,bothsides,us
709,FL-170S-A7-40,15000,standard,63.08,170gsilk,oneside,a7
710,FL-170S-VG-40,15000,saver,330.54,170gsilk,oneside,carrelarge
711,FL-170S-XL-40,15000,standard,364.31,170gsilk,oneside,xlong
712,FL-170S-A5-44,15000,standard,247.49,170gsilk,bothsides,a5
713,FL-170S-A5-44,15000,saver,210.37,170gsilk,bothsides,a5
714,FL-170S-VM-40,15000,saver,180.96,170gsilk,oneside,carremedium
715,FL-170S-VM-40,15000,standard,193.56,170gsilk,oneside,carremedium
716,FL-170S-VM-44,15000,saver,182.4,170gsilk,bothsides,carremedium
717,FL-170S-AL-40,15000,standard,195.03,170gsilk,oneside,along
718,FL-170S-XL-44,15000,standard,364.31,170gsilk,bothsides,xlong
719,FL-170S-XL-44,15000,saver,346.83,170gsilk,bothsides,xlong
720,FL-170S-A6-40,15000,standard,133.99,170gsilk,oneside,a6
721,FL-170S-A6-40,15000,saver,121.81,170gsilk,oneside,a6
722,FL-170S-AL-40,15000,saver,183.99,170gsilk,oneside,along
723,FL-170S-AL-44,15000,standard,195.03,170gsilk,bothsides,along
724,FL-170S-AL-44,15000,saver,183.99,170gsilk,bothsides,along
725,FL-170S-VM-44,15000,standard,200.64,170gsilk,bothsides,carremedium
726,FL-170S-A7-44,15000,saver,63.18,170gsilk,bothsides,a7
727,FL-170S-US-40,15000,saver,158.35,170gsilk,oneside,us
728,FL-170S-VK-44,15000,saver,154.54,170gsilk,bothsides,carresmall
729,FL-170S-US-40,15000,standard,174.18,170gsilk,oneside,us
730,FL-170S-A4-40,15000,standard,494.76,170gsilk,oneside,a4
731,FL-170S-VK-44,15000,standard,173.24,170gsilk,bothsides,carresmall
732,FL-170S-A7-44,15000,standard,73.14,170gsilk,bothsides,a7
733,FL-170S-A4-40,15000,saver,426.35,170gsilk,oneside,a4
734,FL-170S-A4-44,15000,standard,525.94,170gsilk,bothsides,a4
735,FL-170S-A4-44,15000,saver,457.53,170gsilk,bothsides,a4
736,FL-170S-VK-40,20000,standard,211.6,170gsilk,oneside,carresmall
737,FL-170S-VG-40,20000,saver,416.44,170gsilk,oneside,carrelarge
738,FL-170S-A5-40,20000,saver,281.99,170gsilk,oneside,a5
739,FL-170S-VK-40,20000,saver,201.02,170gsilk,oneside,carresmall
740,FL-170S-VG-40,20000,standard,494.27,170gsilk,oneside,carrelarge
741,FL-170S-A5-40,20000,standard,327.06,170gsilk,oneside,a5
742,FL-170S-A7-44,20000,saver,79.36,170gsilk,bothsides,a7
743,FL-170S-A7-44,20000,standard,91.01,170gsilk,bothsides,a7
744,FL-170S-US-40,20000,standard,223.82,170gsilk,oneside,us
745,FL-170S-US-40,20000,saver,203.47,170gsilk,oneside,us
746,FL-170S-XL-44,20000,standard,455.39,170gsilk,bothsides,xlong
747,FL-170S-XL-44,20000,saver,433.31,170gsilk,bothsides,xlong
748,FL-170S-VK-44,20000,saver,177.14,170gsilk,bothsides,carresmall
749,FL-170S-VK-44,20000,standard,208.38,170gsilk,bothsides,carresmall
750,FL-170S-A6-40,20000,saver,161.49,170gsilk,oneside,a6
751,FL-170S-AL-40,20000,standard,195.95,170gsilk,oneside,along
752,FL-170S-A6-40,20000,standard,177.64,170gsilk,oneside,a6
753,FL-170S-AL-40,20000,saver,184.91,170gsilk,oneside,along
754,FL-170S-AL-44,20000,standard,195.95,170gsilk,bothsides,along
755,FL-170S-A7-40,20000,standard,83.71,170gsilk,oneside,a7
756,FL-170S-A7-40,20000,saver,79.13,170gsilk,oneside,a7
757,FL-170S-AL-44,20000,saver,184.91,170gsilk,bothsides,along
758,FL-170S-A4-44,20000,saver,593.23,170gsilk,bothsides,a4
759,FL-170S-A4-40,20000,standard,642.56,170gsilk,oneside,a4
760,FL-170S-A4-40,20000,saver,560.43,170gsilk,oneside,a4
761,FL-170S-A4-44,20000,standard,667.43,170gsilk,bothsides,a4
762,FL-170S-VM-40,20000,standard,247.64,170gsilk,oneside,carremedium
763,FL-170S-VM-40,20000,saver,235.13,170gsilk,oneside,carremedium
764,FL-170S-VG-44,20000,standard,529.71,170gsilk,bothsides,carrelarge
765,FL-170S-US-44,20000,saver,211.61,170gsilk,bothsides,us
766,FL-170S-US-44,20000,standard,232.77,170gsilk,bothsides,us
767,FL-170S-A5-44,20000,standard,336.28,170gsilk,bothsides,a5
768,FL-170S-A6-44,20000,standard,177.19,170gsilk,bothsides,a6
769,FL-170S-A6-44,20000,saver,151.62,170gsilk,bothsides,a6
770,FL-170S-A5-44,20000,saver,290.71,170gsilk,bothsides,a5
771,FL-170S-XL-40,20000,saver,433.31,170gsilk,oneside,xlong
772,FL-170S-VG-44,20000,saver,452.47,170gsilk,bothsides,carrelarge
773,FL-170S-XL-40,20000,standard,455.39,170gsilk,oneside,xlong
774,FL-170S-VM-44,20000,standard,256.95,170gsilk,bothsides,carremedium
775,FL-170S-VM-44,20000,saver,234.59,170gsilk,bothsides,carremedium
776,FL-170S-VG-44,25000,standard,641.83,170gsilk,bothsides,carrelarge
777,FL-170S-VG-44,25000,saver,565.38,170gsilk,bothsides,carrelarge
778,FL-170S-A6-44,25000,saver,201.97,170gsilk,bothsides,a6
779,FL-170S-A6-44,25000,standard,223.36,170gsilk,bothsides,a6
780,FL-170S-VK-44,25000,saver,237.52,170gsilk,bothsides,carresmall
781,FL-170S-VK-44,25000,standard,272.24,170gsilk,bothsides,carresmall
782,FL-170S-VM-44,25000,standard,330.07,170gsilk,bothsides,carremedium
783,FL-170S-VM-44,25000,saver,291.64,170gsilk,bothsides,carremedium
784,FL-170S-XL-44,25000,saver,508.75,170gsilk,bothsides,xlong
785,FL-170S-XL-44,25000,standard,543.71,170gsilk,bothsides,xlong
786,FL-170S-A6-40,25000,saver,196.02,170gsilk,oneside,a6
787,FL-170S-A6-40,25000,standard,215.63,170gsilk,oneside,a6
788,FL-170S-XL-40,25000,standard,543.71,170gsilk,oneside,xlong
789,FL-170S-XL-40,25000,saver,508.75,170gsilk,oneside,xlong
790,FL-170S-VG-40,25000,saver,525.09,170gsilk,oneside,carrelarge
791,FL-170S-VK-40,25000,standard,258.63,170gsilk,oneside,carresmall
792,FL-170S-VM-40,25000,saver,281.07,170gsilk,oneside,carremedium
793,FL-170S-VK-40,25000,saver,245.7,170gsilk,oneside,carresmall
794,FL-170S-AL-40,25000,saver,199.63,170gsilk,oneside,along
795,FL-170S-US-40,25000,saver,252.37,170gsilk,oneside,us
796,FL-170S-US-40,25000,standard,277.61,170gsilk,oneside,us
797,FL-170S-A7-44,25000,saver,97.49,170gsilk,bothsides,a7
798,FL-170S-A7-44,25000,standard,114.7,170gsilk,bothsides,a7
799,FL-170S-A4-40,25000,saver,711.02,170gsilk,oneside,a4
800,FL-170S-A4-40,25000,standard,798.6,170gsilk,oneside,a4
801,FL-170S-VM-40,25000,standard,319.5,170gsilk,oneside,carremedium
802,FL-170S-A4-44,25000,saver,742.2,170gsilk,bothsides,a4
803,FL-170S-VG-40,25000,standard,612.66,170gsilk,oneside,carrelarge
804,FL-170S-A7-40,25000,saver,89.57,170gsilk,oneside,a7
805,FL-170S-US-44,25000,saver,262.46,170gsilk,bothsides,us
806,FL-170S-US-44,25000,standard,288.71,170gsilk,bothsides,us
807,FL-170S-A5-44,25000,saver,356.08,170gsilk,bothsides,a5
808,FL-170S-A5-44,25000,standard,417.4,170gsilk,bothsides,a5
809,FL-170S-AL-40,25000,standard,209.75,170gsilk,oneside,along
810,FL-170S-A7-40,25000,standard,104.2,170gsilk,oneside,a7
811,FL-170S-A5-40,25000,saver,355.86,170gsilk,oneside,a5
812,FL-170S-A5-40,25000,standard,406.46,170gsilk,oneside,a5
813,FL-170S-AL-44,25000,saver,199.63,170gsilk,bothsides,along
814,FL-170S-AL-44,25000,standard,209.75,170gsilk,bothsides,along
815,FL-170S-A4-44,25000,standard,829.66,170gsilk,bothsides,a4
816,FL-170S-VM-44,30000,standard,386.95,170gsilk,bothsides,carremedium
817,FL-170S-A5-44,30000,standard,498.48,170gsilk,bothsides,a5
818,FL-170S-VM-40,30000,standard,374.43,170gsilk,oneside,carremedium
819,FL-170S-A6-44,30000,saver,226.62,170gsilk,bothsides,a6
820,FL-170S-A6-44,30000,standard,266.62,170gsilk,bothsides,a6
821,FL-170S-VM-44,30000,saver,345.6,170gsilk,bothsides,carremedium
822,FL-170S-US-44,30000,standard,343.57,170gsilk,bothsides,us
823,FL-170S-VG-44,30000,saver,673.79,170gsilk,bothsides,carrelarge
824,FL-170S-VG-44,30000,standard,778.31,170gsilk,bothsides,carrelarge
825,FL-170S-VM-40,30000,saver,333.08,170gsilk,oneside,carremedium
826,FL-170S-US-44,30000,saver,312.33,170gsilk,bothsides,us
827,FL-170S-AL-44,30000,standard,243.98,170gsilk,bothsides,along
828,FL-170S-AL-44,30000,saver,231.66,170gsilk,bothsides,along
829,FL-170S-A4-44,30000,saver,889.61,170gsilk,bothsides,a4
830,FL-170S-A4-44,30000,standard,992.11,170gsilk,bothsides,a4
831,FL-170S-A6-40,30000,standard,257.69,170gsilk,oneside,a6
832,FL-170S-A6-40,30000,saver,234.27,170gsilk,oneside,a6
833,FL-170S-VK-44,30000,standard,313.54,170gsilk,bothsides,carresmall
834,FL-170S-VK-44,30000,saver,266.5,170gsilk,bothsides,carresmall
835,FL-170S-VK-40,30000,standard,305.65,170gsilk,oneside,carresmall
836,FL-170S-VK-40,30000,saver,290.37,170gsilk,oneside,carresmall
837,FL-170S-AL-40,30000,saver,231.66,170gsilk,oneside,along
838,FL-170S-AL-40,30000,standard,243.98,170gsilk,oneside,along
839,FL-170S-XL-40,30000,standard,649.51,170gsilk,oneside,xlong
840,FL-170S-XL-40,30000,saver,610.87,170gsilk,oneside,xlong
841,FL-170S-US-40,30000,standard,330.35,170gsilk,oneside,us
842,FL-170S-A7-44,30000,saver,125.52,170gsilk,bothsides,a7
843,FL-170S-US-40,30000,saver,300.32,170gsilk,oneside,us
844,FL-170S-A7-44,30000,standard,147.69,170gsilk,bothsides,a7
845,FL-170S-A5-40,30000,saver,431.1,170gsilk,oneside,a5
846,FL-170S-VG-40,30000,saver,627.15,170gsilk,oneside,carrelarge
847,FL-170S-VG-40,30000,standard,732.17,170gsilk,oneside,carrelarge
848,FL-170S-XL-44,30000,saver,610.87,170gsilk,bothsides,xlong
849,FL-170S-A5-40,30000,standard,489.09,170gsilk,oneside,a5
850,FL-170S-XL-44,30000,standard,649.51,170gsilk,bothsides,xlong
851,FL-170S-A4-40,30000,standard,957.64,170gsilk,oneside,a4
852,FL-170S-A4-40,30000,saver,868.04,170gsilk,oneside,a4
853,FL-170S-A7-40,30000,standard,128.64,170gsilk,oneside,a7
854,FL-170S-A7-40,30000,saver,110.34,170gsilk,oneside,a7
855,FL-170S-A5-44,30000,saver,441.32,170gsilk,bothsides,a5
856,FL-170S-US-44,35000,standard,389.16,170gsilk,bothsides,us
857,FL-170S-US-44,35000,saver,353.78,170gsilk,bothsides,us
858,FL-170S-A6-40,35000,saver,267.57,170gsilk,oneside,a6
859,FL-170S-A6-40,35000,standard,294.33,170gsilk,oneside,a6
860,FL-170S-A7-40,35000,standard,150.01,170gsilk,oneside,a7
861,FL-170S-A7-40,35000,saver,127.5,170gsilk,oneside,a7
862,FL-170S-VG-44,35000,saver,786.71,170gsilk,bothsides,carrelarge
863,FL-170S-XL-40,35000,standard,754.39,170gsilk,oneside,xlong
864,FL-170S-AL-40,35000,saver,264.66,170gsilk,oneside,along
865,FL-170S-AL-40,35000,standard,277.98,170gsilk,oneside,along
866,FL-170S-XL-40,35000,saver,706.55,170gsilk,oneside,xlong
867,FL-170S-A4-44,35000,saver,1038.31,170gsilk,bothsides,a4
868,FL-170S-A4-44,35000,standard,1154.35,170gsilk,bothsides,a4
869,FL-170S-VG-44,35000,standard,902.62,170gsilk,bothsides,carrelarge
870,FL-170S-A5-40,35000,standard,559.15,170gsilk,oneside,a5
871,FL-170S-A5-40,35000,saver,482.09,170gsilk,oneside,a5
872,FL-170S-AL-44,35000,standard,277.98,170gsilk,bothsides,along
873,FL-170S-AL-44,35000,saver,264.66,170gsilk,bothsides,along
874,FL-170S-VK-40,35000,saver,335.05,170gsilk,oneside,carresmall
875,FL-170S-VK-40,35000,standard,352.68,170gsilk,oneside,carresmall
876,FL-170S-A4-40,35000,saver,1009.9,170gsilk,oneside,a4
877,FL-170S-VM-40,35000,standard,438.22,170gsilk,oneside,carremedium
878,FL-170S-VM-40,35000,saver,388.35,170gsilk,oneside,carremedium
879,FL-170S-A4-40,35000,standard,1112.85,170gsilk,oneside,a4
880,FL-170S-A7-44,35000,saver,139.3,170gsilk,bothsides,a7
881,FL-170S-A7-44,35000,standard,163.88,170gsilk,bothsides,a7
882,FL-170S-VK-44,35000,standard,359.12,170gsilk,bothsides,carresmall
883,FL-170S-VK-44,35000,saver,305.26,170gsilk,bothsides,carresmall
884,FL-170S-A5-44,35000,standard,579.33,170gsilk,bothsides,a5
885,FL-170S-A5-44,35000,saver,505.68,170gsilk,bothsides,a5
886,FL-170S-US-40,35000,saver,343.47,170gsilk,oneside,us
887,FL-170S-VM-44,35000,saver,402.95,170gsilk,bothsides,carremedium
888,FL-170S-US-40,35000,standard,377.82,170gsilk,oneside,us
889,FL-170S-VM-44,35000,standard,452.82,170gsilk,bothsides,carremedium
890,FL-170S-A6-44,35000,standard,304.98,170gsilk,bothsides,a6
891,FL-170S-A6-44,35000,saver,259.58,170gsilk,bothsides,a6
892,FL-170S-VG-40,35000,standard,845.24,170gsilk,oneside,carrelarge
893,FL-170S-VG-40,35000,saver,729.33,170gsilk,oneside,carrelarge
894,FL-170S-XL-44,35000,saver,706.55,170gsilk,bothsides,xlong
895,FL-170S-XL-44,35000,standard,754.39,170gsilk,bothsides,xlong
896,FL-170S-A4-40,40000,saver,1151.58,170gsilk,oneside,a4
897,FL-170S-VG-40,40000,standard,964.35,170gsilk,oneside,carrelarge
898,FL-170S-A5-40,40000,standard,627.63,170gsilk,oneside,a5
899,FL-170S-A4-40,40000,standard,1357.22,170gsilk,oneside,a4
900,FL-170S-A5-40,40000,saver,533.49,170gsilk,oneside,a5
901,FL-170S-VG-40,40000,saver,766.54,170gsilk,oneside,carrelarge
902,FL-170S-A7-44,40000,standard,188.13,170gsilk,bothsides,a7
903,FL-170S-A7-44,40000,saver,159.91,170gsilk,bothsides,a7
904,FL-170S-VK-40,40000,standard,399.7,170gsilk,oneside,carresmall
905,FL-170S-VK-40,40000,saver,379.71,170gsilk,oneside,carresmall
906,FL-170S-XL-44,40000,saver,800.39,170gsilk,bothsides,xlong
907,FL-170S-XL-44,40000,standard,856.51,170gsilk,bothsides,xlong
908,FL-170S-XL-40,40000,saver,800.39,170gsilk,oneside,xlong
909,FL-170S-XL-40,40000,standard,856.51,170gsilk,oneside,xlong
910,FL-170S-US-40,40000,standard,429.11,170gsilk,oneside,us
911,FL-170S-US-40,40000,saver,390.1,170gsilk,oneside,us
912,FL-170S-AL-40,40000,saver,303.66,170gsilk,oneside,along
913,FL-170S-AL-40,40000,standard,318.98,170gsilk,oneside,along
914,FL-170S-A7-40,40000,saver,139.92,170gsilk,oneside,a7
915,FL-170S-A4-44,40000,saver,1186.06,170gsilk,bothsides,a4
916,FL-170S-AL-44,40000,saver,303.66,170gsilk,bothsides,along
917,FL-170S-AL-44,40000,standard,318.98,170gsilk,bothsides,along
918,FL-170S-A4-44,40000,standard,1391.7,170gsilk,bothsides,a4
919,FL-170S-VK-44,40000,saver,343.26,170gsilk,bothsides,carresmall
920,FL-170S-VM-44,40000,standard,535.08,170gsilk,bothsides,carremedium
921,FL-170S-VK-44,40000,standard,403.82,170gsilk,bothsides,carresmall
922,FL-170S-A6-40,40000,saver,304.76,170gsilk,oneside,a6
923,FL-170S-A6-40,40000,standard,335.24,170gsilk,oneside,a6
924,FL-170S-VM-44,40000,saver,450.24,170gsilk,bothsides,carremedium
925,FL-170S-VG-44,40000,saver,895.12,170gsilk,bothsides,carrelarge
926,FL-170S-VG-44,40000,standard,1092.93,170gsilk,bothsides,carrelarge
927,FL-170S-VM-40,40000,saver,433.76,170gsilk,oneside,carremedium
928,FL-170S-VM-40,40000,standard,524.6,170gsilk,oneside,carremedium
929,FL-170S-A7-40,40000,standard,163.45,170gsilk,oneside,a7
930,FL-170S-US-44,40000,saver,401.81,170gsilk,bothsides,us
931,FL-170S-US-44,40000,standard,441.99,170gsilk,bothsides,us
932,FL-170S-A6-44,40000,saver,291.89,170gsilk,bothsides,a6
933,FL-170S-A6-44,40000,standard,343.39,170gsilk,bothsides,a6
934,FL-170S-A5-44,40000,saver,571.1,170gsilk,bothsides,a5
935,FL-170S-A5-44,40000,standard,660.45,170gsilk,bothsides,a5
936,FL-170S-US-44,45000,standard,494.59,170gsilk,bothsides,us
937,FL-170S-US-44,45000,saver,449.63,170gsilk,bothsides,us
938,FL-170S-A6-44,45000,saver,320.87,170gsilk,bothsides,a6
939,FL-170S-A6-44,45000,standard,377.49,170gsilk,bothsides,a6
940,FL-170S-VK-40,45000,standard,446.73,170gsilk,oneside,carresmall
941,FL-170S-VK-40,45000,saver,424.39,170gsilk,oneside,carresmall
942,FL-170S-A5-40,45000,standard,703.4,170gsilk,oneside,a5
943,FL-170S-A5-40,45000,saver,597.9,170gsilk,oneside,a5
944,FL-170S-VG-40,45000,saver,860.22,170gsilk,oneside,carrelarge
945,FL-170S-VM-44,45000,saver,500.94,170gsilk,bothsides,carremedium
946,FL-170S-VM-44,45000,standard,598.78,170gsilk,bothsides,carremedium
947,FL-170S-A7-44,45000,standard,214.22,170gsilk,bothsides,a7
948,FL-170S-US-40,45000,saver,436.53,170gsilk,oneside,us
949,FL-170S-US-40,45000,standard,480.18,170gsilk,oneside,us
950,FL-170S-VG-40,45000,standard,1083.09,170gsilk,oneside,carrelarge
951,FL-170S-A7-44,45000,saver,182.09,170gsilk,bothsides,a7
952,FL-170S-A6-40,45000,standard,371.03,170gsilk,oneside,a6
953,FL-170S-A6-40,45000,saver,337.3,170gsilk,oneside,a6
954,FL-170S-AL-40,45000,standard,358.98,170gsilk,oneside,along
955,FL-170S-AL-40,45000,saver,341.66,170gsilk,oneside,along
956,FL-170S-VG-44,45000,saver,1008.04,170gsilk,bothsides,carrelarge
957,FL-170S-A5-44,45000,standard,741.52,170gsilk,bothsides,a5
958,FL-170S-A5-44,45000,saver,649.99,170gsilk,bothsides,a5
959,FL-170S-A7-40,45000,saver,168.17,170gsilk,oneside,a7
960,FL-170S-XL-40,45000,saver,902.51,170gsilk,oneside,xlong
961,FL-170S-XL-40,45000,standard,962.31,170gsilk,oneside,xlong
962,FL-170S-A7-40,45000,standard,197.84,170gsilk,oneside,a7
963,FL-170S-VG-44,45000,standard,1230.91,170gsilk,bothsides,carrelarge
964,FL-170S-VM-40,45000,standard,580.47,170gsilk,oneside,carremedium
965,FL-170S-A4-40,45000,saver,1298.27,170gsilk,oneside,a4
966,FL-170S-A4-40,45000,standard,1529.46,170gsilk,oneside,a4
967,FL-170S-AL-44,45000,standard,358.98,170gsilk,bothsides,along
968,FL-170S-AL-44,45000,saver,341.66,170gsilk,bothsides,along
969,FL-170S-VM-40,45000,saver,482.63,170gsilk,oneside,carremedium
970,FL-170S-VK-44,45000,standard,443.93,170gsilk,bothsides,carresmall
971,FL-170S-VK-44,45000,saver,377.34,170gsilk,bothsides,carresmall
972,FL-170S-A4-44,45000,saver,1333.52,170gsilk,bothsides,a4
973,FL-170S-A4-44,45000,standard,1564.71,170gsilk,bothsides,a4
974,FL-170S-XL-44,45000,standard,962.31,170gsilk,bothsides,xlong
975,FL-170S-XL-44,45000,saver,902.51,170gsilk,bothsides,xlong
976,FL-170S-VM-44,50000,saver,557.12,170gsilk,bothsides,carremedium
977,FL-170S-VM-44,50000,standard,667.51,170gsilk,bothsides,carremedium
978,FL-170S-VK-44,50000,saver,417.6,170gsilk,bothsides,carresmall
979,FL-170S-VK-44,50000,standard,491.29,170gsilk,bothsides,carresmall
980,FL-170S-XL-44,50000,standard,1065.35,170gsilk,bothsides,xlong
981,FL-170S-XL-44,50000,saver,997.27,170gsilk,bothsides,xlong
982,FL-170S-VG-44,50000,saver,1116.45,170gsilk,bothsides,carrelarge
983,FL-170S-VG-44,50000,standard,1364.37,170gsilk,bothsides,carrelarge
984,FL-170S-XL-40,50000,standard,1065.35,170gsilk,oneside,xlong
985,FL-170S-XL-40,50000,saver,997.27,170gsilk,oneside,xlong
986,FL-170S-A7-44,50000,saver,197.1,170gsilk,bothsides,a7
987,FL-170S-A7-44,50000,standard,231.89,170gsilk,bothsides,a7
988,FL-170S-VG-40,50000,standard,1201.81,170gsilk,oneside,carrelarge
989,FL-170S-VG-40,50000,saver,953.89,170gsilk,oneside,carrelarge
990,FL-170S-US-40,50000,saver,482.06,170gsilk,oneside,us
991,FL-170S-US-40,50000,standard,530.26,170gsilk,oneside,us
992,FL-170S-A5-40,50000,standard,778.71,170gsilk,oneside,a5
993,FL-170S-A5-40,50000,saver,661.91,170gsilk,oneside,a5
994,FL-170S-AL-40,50000,saver,375.66,170gsilk,oneside,along
995,FL-170S-AL-40,50000,standard,394.98,170gsilk,oneside,along
996,FL-170S-A4-40,50000,standard,1698.37,170gsilk,oneside,a4
997,FL-170S-A4-40,50000,saver,1440.13,170gsilk,oneside,a4
998,FL-170S-A5-44,50000,standard,825.56,170gsilk,bothsides,a5
999,FL-170S-VK-40,50000,standard,493.75,170gsilk,oneside,carresmall
1000,FL-170S-VK-40,50000,saver,469.06,170gsilk,oneside,carresmall
1001,FL-170S-A4-44,50000,saver,1481.52,170gsilk,bothsides,a4
1002,FL-170S-A4-44,50000,standard,1739.76,170gsilk,bothsides,a4
1003,FL-170S-A5-44,50000,saver,728.18,170gsilk,bothsides,a5
1004,FL-170S-A6-44,50000,standard,417.76,170gsilk,bothsides,a6
1005,FL-170S-A6-44,50000,saver,355.1,170gsilk,bothsides,a6
1006,FL-170S-AL-44,50000,saver,375.66,170gsilk,bothsides,along
1007,FL-170S-AL-44,50000,standard,394.98,170gsilk,bothsides,along
1008,FL-170S-VM-40,50000,saver,536.77,170gsilk,oneside,carremedium
1009,FL-170S-VM-40,50000,standard,647.16,170gsilk,oneside,carremedium
1010,FL-170S-US-44,50000,standard,546.17,170gsilk,bothsides,us
1011,FL-170S-US-44,50000,saver,496.52,170gsilk,bothsides,us
1012,FL-170S-A7-40,50000,saver,182.76,170gsilk,oneside,a7
1013,FL-170S-A7-40,50000,standard,215.01,170gsilk,oneside,a7
1014,FL-170S-A6-40,50000,saver,373.87,170gsilk,oneside,a6
1015,FL-170S-A6-40,50000,standard,411.26,170gsilk,oneside,a6
1016,FL-170S-A4-44,55000,standard,1918.03,170gsilk,bothsides,a4
1017,FL-170S-VM-40,55000,standard,814.98,170gsilk,oneside,carremedium
1018,FL-170S-VM-40,55000,saver,692.02,170gsilk,oneside,carremedium
1019,FL-170S-A4-44,55000,saver,1630.33,170gsilk,bothsides,a4
1020,FL-170S-A4-40,55000,standard,1880.61,170gsilk,oneside,a4
1021,FL-170S-A4-40,55000,saver,1596.83,170gsilk,oneside,a4
1022,FL-170S-A7-40,55000,saver,201.37,170gsilk,oneside,a7
1023,FL-170S-A7-40,55000,standard,236.92,170gsilk,oneside,a7
1024,FL-170S-AL-44,55000,standard,434.98,170gsilk,bothsides,along
1025,FL-170S-AL-44,55000,saver,413.66,170gsilk,bothsides,along
1026,FL-170S-A5-40,55000,standard,857.01,170gsilk,oneside,a5
1027,FL-170S-A5-40,55000,saver,728.45,170gsilk,oneside,a5
1028,FL-170S-A7-44,55000,saver,214.66,170gsilk,bothsides,a7
1029,FL-170S-VK-40,55000,saver,497.94,170gsilk,oneside,carresmall
1030,FL-170S-XL-44,55000,saver,1091.11,170gsilk,bothsides,xlong
1031,FL-170S-XL-44,55000,standard,1168.39,170gsilk,bothsides,xlong
1032,FL-170S-VK-40,55000,standard,524.13,170gsilk,oneside,carresmall
1033,FL-170S-VG-40,55000,saver,1046.08,170gsilk,oneside,carrelarge
1034,FL-170S-VG-40,55000,standard,1320.76,170gsilk,oneside,carrelarge
1035,FL-170S-A7-44,55000,standard,252.55,170gsilk,bothsides,a7
1036,FL-170S-US-40,55000,standard,663.04,170gsilk,oneside,us
1037,FL-170S-US-40,55000,saver,629.89,170gsilk,oneside,us
1038,FL-170S-XL-40,55000,saver,1091.11,170gsilk,oneside,xlong
1039,FL-170S-XL-40,55000,standard,1168.39,170gsilk,oneside,xlong
1040,FL-170S-AL-40,55000,saver,413.66,170gsilk,oneside,along
1041,FL-170S-A6-40,55000,saver,423.41,170gsilk,oneside,a6
1042,FL-170S-A6-40,55000,standard,445.69,170gsilk,oneside,a6
1043,FL-170S-VG-44,55000,saver,1548.81,170gsilk,bothsides,carrelarge
1044,FL-170S-A6-44,55000,standard,458.92,170gsilk,bothsides,a6
1045,FL-170S-AL-40,55000,standard,434.98,170gsilk,oneside,along
1046,FL-170S-A6-44,55000,saver,390.09,170gsilk,bothsides,a6
1047,FL-170S-VG-44,55000,standard,1823.3,170gsilk,bothsides,carrelarge
1048,FL-170S-VM-44,55000,standard,895.28,170gsilk,bothsides,carremedium
1049,FL-170S-US-44,55000,standard,697.94,170gsilk,bothsides,us
1050,FL-170S-US-44,55000,saver,663.04,170gsilk,bothsides,us
1051,FL-170S-VM-44,55000,saver,760.99,170gsilk,bothsides,carremedium
1052,FL-170S-A5-44,55000,standard,942.4,170gsilk,bothsides,a5
1053,FL-170S-A5-44,55000,saver,801.04,170gsilk,bothsides,a5
1054,FL-170S-VK-44,55000,standard,539.69,170gsilk,bothsides,carresmall
1055,FL-170S-VK-44,55000,saver,458.75,170gsilk,bothsides,carresmall
1056,FL-170S-A6-40,60000,standard,535.41,170gsilk,oneside,a6
1057,FL-170S-A6-40,60000,saver,508.64,170gsilk,oneside,a6
1058,FL-170S-AL-44,60000,standard,475.98,170gsilk,bothsides,along
1059,FL-170S-AL-44,60000,saver,452.66,170gsilk,bothsides,along
1060,FL-170S-US-44,60000,standard,762.29,170gsilk,bothsides,us
1061,FL-170S-US-44,60000,saver,724.18,170gsilk,bothsides,us
1062,FL-170S-AL-40,60000,standard,475.98,170gsilk,oneside,along
1063,FL-170S-AL-40,60000,saver,452.66,170gsilk,oneside,along
1064,FL-170S-A7-40,60000,standard,257.59,170gsilk,oneside,a7
1065,FL-170S-A7-40,60000,saver,218.93,170gsilk,oneside,a7
1066,FL-170S-A4-40,60000,saver,1741.53,170gsilk,oneside,a4
1067,FL-170S-A4-40,60000,standard,2050.85,170gsilk,oneside,a4
1068,FL-170S-A6-44,60000,saver,425.49,170gsilk,bothsides,a6
1069,FL-170S-A6-44,60000,standard,500.58,170gsilk,bothsides,a6
1070,FL-170S-A4-44,60000,standard,2091.46,170gsilk,bothsides,a4
1071,FL-170S-A4-44,60000,saver,1777.74,170gsilk,bothsides,a4
1072,FL-170S-VM-40,60000,saver,753.81,170gsilk,oneside,carremedium
1073,FL-170S-VM-40,60000,standard,886.84,170gsilk,oneside,carremedium
1074,FL-170S-A5-44,60000,standard,1028.24,170gsilk,bothsides,a5
1075,FL-170S-A5-44,60000,saver,874.01,170gsilk,bothsides,a5
1076,FL-170S-A5-40,60000,standard,933.52,170gsilk,oneside,a5
1077,FL-170S-A5-40,60000,saver,793.49,170gsilk,oneside,a5
1078,FL-170S-VK-40,60000,standard,587.8,170gsilk,oneside,carresmall
1079,FL-170S-VK-40,60000,saver,558.41,170gsilk,oneside,carresmall
1080,FL-170S-VG-40,60000,saver,1140.27,170gsilk,oneside,carrelarge
1081,FL-170S-A7-44,60000,standard,276.53,170gsilk,bothsides,a7
1082,FL-170S-VG-44,60000,standard,1988.4,170gsilk,bothsides,carrelarge
1083,FL-170S-US-40,60000,saver,687.96,170gsilk,oneside,us
1084,FL-170S-US-40,60000,standard,724.18,170gsilk,oneside,us
1085,FL-170S-XL-40,60000,saver,1191.39,170gsilk,oneside,xlong
1086,FL-170S-XL-44,60000,standard,1272.35,170gsilk,bothsides,xlong
1087,FL-170S-XL-40,60000,standard,1272.35,170gsilk,oneside,xlong
1088,FL-170S-XL-44,60000,saver,1191.39,170gsilk,bothsides,xlong
1089,FL-170S-A7-44,60000,saver,235.05,170gsilk,bothsides,a7
1090,FL-170S-VG-40,60000,standard,1439.97,170gsilk,oneside,carrelarge
1091,FL-170S-VM-44,60000,standard,976.82,170gsilk,bothsides,carremedium
1092,FL-170S-VM-44,60000,saver,830.31,170gsilk,bothsides,carremedium
1093,FL-170S-VG-44,60000,saver,1688.85,170gsilk,bothsides,carrelarge
1094,FL-170S-VK-44,60000,standard,588.69,170gsilk,bothsides,carresmall
1095,FL-170S-VK-44,60000,saver,500.38,170gsilk,bothsides,carresmall
1096,FL-170S-A6-44,65000,standard,543.11,170gsilk,bothsides,a6
1097,FL-170S-VG-44,65000,standard,2153.32,170gsilk,bothsides,carrelarge
1098,FL-170S-VG-44,65000,saver,1830.32,170gsilk,bothsides,carrelarge
1099,FL-170S-VK-40,65000,standard,634.83,170gsilk,oneside,carresmall
1100,FL-170S-VK-40,65000,saver,603.09,170gsilk,oneside,carresmall
1101,FL-170S-A6-44,65000,saver,461.64,170gsilk,bothsides,a6
1102,FL-170S-XL-44,65000,standard,1370.79,170gsilk,bothsides,xlong
1103,FL-170S-VG-40,65000,standard,1553.17,170gsilk,oneside,carrelarge
1104,FL-170S-VG-40,65000,saver,1233.45,170gsilk,oneside,carrelarge
1105,FL-170S-XL-44,65000,saver,1286.15,170gsilk,bothsides,xlong
1106,FL-170S-VM-40,65000,saver,817.04,170gsilk,oneside,carremedium
1107,FL-170S-VM-40,65000,standard,961.21,170gsilk,oneside,carremedium
1108,FL-170S-A4-40,65000,saver,1885.63,170gsilk,oneside,a4
1109,FL-170S-A4-40,65000,standard,2218.39,170gsilk,oneside,a4
1110,FL-170S-A7-40,65000,standard,278.38,170gsilk,oneside,a7
1111,FL-170S-A7-40,65000,saver,236.62,170gsilk,oneside,a7
1112,FL-170S-US-44,65000,saver,785.31,170gsilk,bothsides,us
1113,FL-170S-AL-40,65000,standard,509.98,170gsilk,oneside,along
1114,FL-170S-AL-40,65000,saver,485.66,170gsilk,oneside,along
1115,FL-170S-US-44,65000,standard,826.64,170gsilk,bothsides,us
1116,FL-170S-AL-44,65000,saver,485.66,170gsilk,bothsides,along
1117,FL-170S-AL-44,65000,standard,509.98,170gsilk,bothsides,along
1118,FL-170S-A5-40,65000,saver,860.04,170gsilk,oneside,a5
1119,FL-170S-A5-40,65000,standard,1011.81,170gsilk,oneside,a5
1120,FL-170S-US-40,65000,standard,785.31,170gsilk,oneside,us
1121,FL-170S-US-40,65000,saver,746.04,170gsilk,oneside,us
1122,FL-170S-XL-40,65000,standard,1370.79,170gsilk,oneside,xlong
1123,FL-170S-XL-40,65000,saver,1286.15,170gsilk,oneside,xlong
1124,FL-170S-A5-44,65000,saver,946.63,170gsilk,bothsides,a5
1125,FL-170S-A5-44,65000,standard,1113.7,170gsilk,bothsides,a5
1126,FL-170S-A6-40,65000,saver,551.05,170gsilk,oneside,a6
1127,FL-170S-VM-44,65000,standard,1058.01,170gsilk,bothsides,carremedium
1128,FL-170S-A4-44,65000,standard,2266.66,170gsilk,bothsides,a4
1129,FL-170S-A4-44,65000,saver,1926.65,170gsilk,bothsides,a4
1130,FL-170S-VK-44,65000,saver,542.88,170gsilk,bothsides,carresmall
1131,FL-170S-VK-44,65000,standard,638.7,170gsilk,bothsides,carresmall
1132,FL-170S-VM-44,65000,saver,899.31,170gsilk,bothsides,carremedium
1133,FL-170S-A6-40,65000,standard,580.07,170gsilk,oneside,a6
1134,FL-170S-A7-44,65000,standard,302.23,170gsilk,bothsides,a7
1135,FL-170S-A7-44,65000,saver,256.89,170gsilk,bothsides,a7
1136,FL-170S-XL-40,70000,standard,1471.99,170gsilk,oneside,xlong
1137,FL-170S-XL-40,70000,saver,1379.07,170gsilk,oneside,xlong
1138,FL-170S-US-40,70000,standard,846.44,170gsilk,oneside,us
1139,FL-170S-A5-44,70000,standard,1198.95,170gsilk,bothsides,a5
1140,FL-170S-A5-44,70000,saver,1019.11,170gsilk,bothsides,a5
1141,FL-170S-A5-40,70000,saver,925.3,170gsilk,oneside,a5
1142,FL-170S-A5-40,70000,standard,1088.58,170gsilk,oneside,a5
1143,FL-170S-US-40,70000,saver,804.12,170gsilk,oneside,us
1144,FL-170S-AL-40,70000,standard,549.98,170gsilk,oneside,along
1145,FL-170S-AL-40,70000,saver,523.66,170gsilk,oneside,along
1146,FL-170S-US-44,70000,standard,890.99,170gsilk,bothsides,us
1147,FL-170S-US-44,70000,saver,846.44,170gsilk,bothsides,us
1148,FL-170S-AL-44,70000,standard,549.98,170gsilk,bothsides,along
1149,FL-170S-AL-44,70000,saver,523.66,170gsilk,bothsides,along
1150,FL-170S-VM-44,70000,saver,968.15,170gsilk,bothsides,carremedium
1151,FL-170S-VM-44,70000,standard,1139.01,170gsilk,bothsides,carremedium
1152,FL-170S-VK-44,70000,saver,583.46,170gsilk,bothsides,carresmall
1153,FL-170S-A6-40,70000,standard,623.81,170gsilk,oneside,a6
1154,FL-170S-A6-40,70000,saver,592.62,170gsilk,oneside,a6
1155,FL-170S-VK-44,70000,standard,686.45,170gsilk,bothsides,carresmall
1156,FL-170S-A7-40,70000,standard,300.26,170gsilk,oneside,a7
1157,FL-170S-A7-40,70000,saver,255.22,170gsilk,oneside,a7
1158,FL-170S-A4-44,70000,saver,2074.12,170gsilk,bothsides,a4
1159,FL-170S-A4-44,70000,standard,2440.15,170gsilk,bothsides,a4
1160,FL-170S-A4-40,70000,standard,2389.42,170gsilk,oneside,a4
1161,FL-170S-A4-40,70000,saver,2031.02,170gsilk,oneside,a4
1162,FL-170S-VG-44,70000,saver,1970.41,170gsilk,bothsides,carrelarge
1163,FL-170S-VM-40,70000,saver,879.03,170gsilk,oneside,carremedium
1164,FL-170S-VM-40,70000,standard,1034.15,170gsilk,oneside,carremedium
1165,FL-170S-VG-44,70000,standard,2318.15,170gsilk,bothsides,carrelarge
1166,FL-170S-XL-44,70000,saver,1379.07,170gsilk,bothsides,xlong
1167,FL-170S-XL-44,70000,standard,1471.99,170gsilk,bothsides,xlong
1168,FL-170S-VG-40,70000,standard,1671.75,170gsilk,oneside,carrelarge
1169,FL-170S-VK-40,70000,standard,681.85,170gsilk,oneside,carresmall
1170,FL-170S-A7-44,70000,saver,273.62,170gsilk,bothsides,a7
1171,FL-170S-VG-40,70000,saver,1327.65,170gsilk,oneside,carrelarge
1172,FL-170S-A7-44,70000,standard,321.91,170gsilk,bothsides,a7
1173,FL-170S-VK-40,70000,saver,647.76,170gsilk,oneside,carresmall
1174,FL-170S-A6-44,70000,standard,583.71,170gsilk,bothsides,a6
1175,FL-170S-A6-44,70000,saver,496.15,170gsilk,bothsides,a6
1176,FL-170S-US-40,75000,standard,907.57,170gsilk,oneside,us
1177,FL-170S-A7-44,75000,standard,343.32,170gsilk,bothsides,a7
1178,FL-170S-A7-44,75000,saver,291.83,170gsilk,bothsides,a7
1179,FL-170S-XL-40,75000,saver,1479.35,170gsilk,oneside,xlong
1180,FL-170S-XL-40,75000,standard,1575.95,170gsilk,oneside,xlong
1181,FL-170S-US-40,75000,saver,862.19,170gsilk,oneside,us
1182,FL-170S-VM-44,75000,saver,1036.14,170gsilk,bothsides,carremedium
1183,FL-170S-VM-44,75000,standard,1218.99,170gsilk,bothsides,carremedium
1184,FL-170S-XL-44,75000,saver,1479.35,170gsilk,bothsides,xlong
1185,FL-170S-XL-44,75000,standard,1575.95,170gsilk,bothsides,xlong
1186,FL-170S-VG-40,75000,saver,1421.48,170gsilk,oneside,carrelarge
1187,FL-170S-VG-40,75000,standard,1790.65,170gsilk,oneside,carrelarge
1188,FL-170S-VK-44,75000,saver,624.73,170gsilk,bothsides,carresmall
1189,FL-170S-VK-44,75000,standard,734.98,170gsilk,bothsides,carresmall
1190,FL-170S-VG-44,75000,saver,2110.67,170gsilk,bothsides,carrelarge
1191,FL-170S-VG-44,75000,standard,2483.14,170gsilk,bothsides,carrelarge
1192,FL-170S-A6-40,75000,saver,635.1,170gsilk,oneside,a6
1193,FL-170S-A6-40,75000,standard,668.53,170gsilk,oneside,a6
1194,FL-170S-A4-40,75000,standard,2560.72,170gsilk,oneside,a4
1195,FL-170S-A4-40,75000,saver,2176.62,170gsilk,oneside,a4
1196,FL-170S-A7-40,75000,saver,273.56,170gsilk,oneside,a7
1197,FL-170S-A7-40,75000,standard,321.84,170gsilk,oneside,a7
1198,FL-170S-A4-44,75000,saver,2221.75,170gsilk,bothsides,a4
1199,FL-170S-A4-44,75000,standard,2613.83,170gsilk,bothsides,a4
1200,FL-170S-US-44,75000,standard,955.34,170gsilk,bothsides,us
1201,FL-170S-AL-40,75000,saver,562.66,170gsilk,oneside,along
1202,FL-170S-AL-40,75000,standard,590.98,170gsilk,oneside,along
1203,FL-170S-US-44,75000,saver,907.57,170gsilk,bothsides,us
1204,FL-170S-A6-44,75000,standard,624.98,170gsilk,bothsides,a6
1205,FL-170S-A6-44,75000,saver,531.23,170gsilk,bothsides,a6
1206,FL-170S-VK-40,75000,standard,728.88,170gsilk,oneside,carresmall
1207,FL-170S-VK-40,75000,saver,692.44,170gsilk,oneside,carresmall
1208,FL-170S-AL-44,75000,saver,562.66,170gsilk,bothsides,along
1209,FL-170S-AL-44,75000,standard,590.98,170gsilk,bothsides,along
1210,FL-170S-VM-40,75000,standard,1108.34,170gsilk,oneside,carremedium
1211,FL-170S-A5-40,75000,saver,991.67,170gsilk,oneside,a5
1212,FL-170S-A5-40,75000,standard,1166.68,170gsilk,oneside,a5
1213,FL-170S-VM-40,75000,saver,942.09,170gsilk,oneside,carremedium
1214,FL-170S-A5-44,75000,saver,1090.68,170gsilk,bothsides,a5
1215,FL-170S-A5-44,75000,standard,1283.15,170gsilk,bothsides,a5
1216,FL-170S-A5-40,80000,standard,1244.64,170gsilk,oneside,a5
1217,FL-170S-VG-40,80000,standard,1910,170gsilk,oneside,carrelarge
1218,FL-170S-XL-40,80000,saver,1574.11,170gsilk,oneside,xlong
1219,FL-170S-VK-40,80000,saver,737.1,170gsilk,oneside,carresmall
1220,FL-170S-VK-40,80000,standard,775.9,170gsilk,oneside,carresmall
1221,FL-170S-XL-40,80000,standard,1678.99,170gsilk,oneside,xlong
1222,FL-170S-A7-44,80000,saver,308.54,170gsilk,bothsides,a7
1223,FL-170S-A7-44,80000,standard,362.99,170gsilk,bothsides,a7
1224,FL-170S-XL-44,80000,saver,1574.11,170gsilk,bothsides,xlong
1225,FL-170S-XL-44,80000,standard,1678.99,170gsilk,bothsides,xlong
1226,FL-170S-A5-40,80000,saver,1057.95,170gsilk,oneside,a5
1227,FL-170S-VG-40,80000,saver,1515.31,170gsilk,oneside,carrelarge
1228,FL-170S-A4-44,80000,standard,2787.52,170gsilk,bothsides,a4
1229,FL-170S-VM-40,80000,standard,1182.41,170gsilk,oneside,carremedium
1230,FL-170S-VM-40,80000,saver,1005.06,170gsilk,oneside,carremedium
1231,FL-170S-A4-44,80000,saver,2369.39,170gsilk,bothsides,a4
1232,FL-170S-A6-44,80000,saver,566.91,170gsilk,bothsides,a6
1233,FL-170S-A6-44,80000,standard,666.96,170gsilk,bothsides,a6
1234,FL-170S-VG-44,80000,saver,2250.92,170gsilk,bothsides,carrelarge
1235,FL-170S-VG-44,80000,standard,2648.14,170gsilk,bothsides,carrelarge
1236,FL-170S-A4-40,80000,saver,2319.9,170gsilk,oneside,a4
1237,FL-170S-A4-40,80000,standard,2729.3,170gsilk,oneside,a4
1238,FL-170S-VM-44,80000,saver,1105.52,170gsilk,bothsides,carremedium
1239,FL-170S-VM-44,80000,standard,1300.6,170gsilk,bothsides,carremedium
1240,FL-170S-AL-40,80000,saver,595.66,170gsilk,oneside,along
1241,FL-170S-US-44,80000,saver,968.71,170gsilk,bothsides,us
1242,FL-170S-A6-40,80000,standard,713.72,170gsilk,oneside,a6
1243,FL-170S-A6-40,80000,saver,678.03,170gsilk,oneside,a6
1244,FL-170S-US-44,80000,standard,1019.69,170gsilk,bothsides,us
1245,FL-170S-AL-40,80000,standard,625.98,170gsilk,oneside,along
1246,FL-170S-A7-40,80000,standard,343.3,170gsilk,oneside,a7
1247,FL-170S-A7-40,80000,saver,291.8,170gsilk,oneside,a7
1248,FL-170S-VK-44,80000,saver,666.7,170gsilk,bothsides,carresmall
1249,FL-170S-VK-44,80000,standard,784.35,170gsilk,bothsides,carresmall
1250,FL-170S-A5-44,80000,standard,1369.05,170gsilk,bothsides,a5
1251,FL-170S-US-40,80000,standard,968.71,170gsilk,oneside,us
1252,FL-170S-US-40,80000,saver,920.27,170gsilk,oneside,us
1253,FL-170S-A5-44,80000,saver,1163.7,170gsilk,bothsides,a5
1254,FL-170S-AL-44,80000,saver,595.66,170gsilk,bothsides,along
1255,FL-170S-AL-44,80000,standard,625.98,170gsilk,bothsides,along
1256,FL-170S-US-44,85000,standard,1084.04,170gsilk,bothsides,us
1257,FL-170S-US-44,85000,saver,1029.84,170gsilk,bothsides,us
1258,FL-170S-A5-44,85000,saver,1236.54,170gsilk,bothsides,a5
1259,FL-170S-A5-44,85000,standard,1454.75,170gsilk,bothsides,a5
1260,FL-170S-XL-40,85000,saver,1667.95,170gsilk,oneside,xlong
1261,FL-170S-XL-40,85000,standard,1782.03,170gsilk,oneside,xlong
1262,FL-170S-AL-40,85000,saver,634.66,170gsilk,oneside,along
1263,FL-170S-A6-40,85000,standard,758.45,170gsilk,oneside,a6
1264,FL-170S-A6-40,85000,saver,720.52,170gsilk,oneside,a6
1265,FL-170S-VG-44,85000,saver,2391.93,170gsilk,bothsides,carrelarge
1266,FL-170S-VG-44,85000,standard,2814.03,170gsilk,bothsides,carrelarge
1267,FL-170S-VK-44,85000,standard,834.74,170gsilk,bothsides,carresmall
1268,FL-170S-VM-44,85000,saver,1174.72,170gsilk,bothsides,carremedium
1269,FL-170S-VM-44,85000,standard,1382.01,170gsilk,bothsides,carremedium
1270,FL-170S-VK-44,85000,saver,709.53,170gsilk,bothsides,carresmall
1271,FL-170S-A6-44,85000,standard,709.82,170gsilk,bothsides,a6
1272,FL-170S-AL-40,85000,standard,666.98,170gsilk,oneside,along
1273,FL-170S-A6-44,85000,saver,603.34,170gsilk,bothsides,a6
1274,FL-170S-XL-44,85000,standard,1782.03,170gsilk,bothsides,xlong
1275,FL-170S-XL-44,85000,saver,1667.95,170gsilk,bothsides,xlong
1276,FL-170S-VG-40,85000,standard,2028.87,170gsilk,oneside,carrelarge
1277,FL-170S-VG-40,85000,saver,1609.58,170gsilk,oneside,carrelarge
1278,FL-170S-VK-40,85000,standard,822.93,170gsilk,oneside,carresmall
1279,FL-170S-AL-44,85000,saver,634.66,170gsilk,bothsides,along
1280,FL-170S-AL-44,85000,standard,666.98,170gsilk,bothsides,along
1281,FL-170S-VK-40,85000,saver,781.78,170gsilk,oneside,carresmall
1282,FL-170S-A4-44,85000,saver,2517.82,170gsilk,bothsides,a4
1283,FL-170S-A4-40,85000,standard,2900.4,170gsilk,oneside,a4
1284,FL-170S-A4-40,85000,saver,2465.33,170gsilk,oneside,a4
1285,FL-170S-A4-44,85000,standard,2962.13,170gsilk,bothsides,a4
1286,FL-170S-A7-44,85000,saver,326.04,170gsilk,bothsides,a7
1287,FL-170S-A7-44,85000,standard,383.57,170gsilk,bothsides,a7
1288,FL-170S-A7-40,85000,saver,310.58,170gsilk,oneside,a7
1289,FL-170S-US-40,85000,saver,978.35,170gsilk,oneside,us
1290,FL-170S-US-40,85000,standard,1029.84,170gsilk,oneside,us
1291,FL-170S-A7-40,85000,standard,365.38,170gsilk,oneside,a7
1292,FL-170S-VM-40,85000,saver,1067.8,170gsilk,oneside,carremedium
1293,FL-170S-VM-40,85000,standard,1256.23,170gsilk,oneside,carremedium
1294,FL-170S-A5-40,85000,standard,1322.35,170gsilk,oneside,a5
1295,FL-170S-A5-40,85000,saver,1124.01,170gsilk,oneside,a5
1296,FL-170S-A5-44,90000,standard,1540.02,170gsilk,bothsides,a5
1297,FL-170S-A5-44,90000,saver,1309.02,170gsilk,bothsides,a5
1298,FL-170S-A7-40,90000,standard,385.52,170gsilk,oneside,a7
1299,FL-170S-VM-44,90000,saver,1243.57,170gsilk,bothsides,carremedium
1300,FL-170S-VK-44,90000,standard,882.1,170gsilk,bothsides,carresmall
1301,FL-170S-VK-44,90000,saver,749.78,170gsilk,bothsides,carresmall
1302,FL-170S-VM-44,90000,standard,1463.02,170gsilk,bothsides,carremedium
1303,FL-170S-A5-40,90000,saver,1189.42,170gsilk,oneside,a5
1304,FL-170S-A5-40,90000,standard,1399.32,170gsilk,oneside,a5
1305,FL-170S-AL-40,90000,standard,706.98,170gsilk,oneside,along
1306,FL-170S-AL-40,90000,saver,672.66,170gsilk,oneside,along
1307,FL-170S-AL-44,90000,saver,672.66,170gsilk,bothsides,along
1308,FL-170S-AL-44,90000,standard,706.98,170gsilk,bothsides,along
1309,FL-170S-US-44,90000,standard,1148.39,170gsilk,bothsides,us
1310,FL-170S-VK-40,90000,standard,869.95,170gsilk,oneside,carresmall
1311,FL-170S-A6-40,90000,standard,802.33,170gsilk,oneside,a6
1312,FL-170S-A7-40,90000,saver,327.69,170gsilk,oneside,a7
1313,FL-170S-A6-40,90000,saver,762.21,170gsilk,oneside,a6
1314,FL-170S-VK-40,90000,saver,826.45,170gsilk,oneside,carresmall
1315,FL-170S-US-44,90000,saver,1090.97,170gsilk,bothsides,us
1316,FL-170S-A4-44,90000,saver,2665.44,170gsilk,bothsides,a4
1317,FL-170S-A6-44,90000,standard,750.09,170gsilk,bothsides,a6
1318,FL-170S-A6-44,90000,saver,637.57,170gsilk,bothsides,a6
1319,FL-170S-A4-44,90000,standard,3135.81,170gsilk,bothsides,a4
1320,FL-170S-VM-40,90000,saver,1129.94,170gsilk,oneside,carremedium
1321,FL-170S-A7-44,90000,saver,351.37,170gsilk,bothsides,a7
1322,FL-170S-A7-44,90000,standard,413.37,170gsilk,bothsides,a7
1323,FL-170S-VG-44,90000,standard,2979.02,170gsilk,bothsides,carrelarge
1324,FL-170S-VG-44,90000,saver,2532.17,170gsilk,bothsides,carrelarge
1325,FL-170S-VG-40,90000,standard,2147.63,170gsilk,oneside,carrelarge
1326,FL-170S-VG-40,90000,saver,1702.86,170gsilk,oneside,carrelarge
1327,FL-170S-XL-40,90000,standard,1888.75,170gsilk,oneside,xlong
1328,FL-170S-XL-40,90000,saver,1770.99,170gsilk,oneside,xlong
1329,FL-170S-XL-44,90000,standard,1888.75,170gsilk,bothsides,xlong
1330,FL-170S-XL-44,90000,saver,1770.99,170gsilk,bothsides,xlong
1331,FL-170S-VM-40,90000,standard,1329.35,170gsilk,oneside,carremedium
1332,FL-170S-US-40,90000,saver,1036.42,170gsilk,oneside,us
1333,FL-170S-US-40,90000,standard,1090.97,170gsilk,oneside,us
1334,FL-170S-A4-40,90000,saver,2611.04,170gsilk,oneside,a4
1335,FL-170S-A4-40,90000,standard,3071.81,170gsilk,oneside,a4
1336,FL-170S-A5-40,95000,saver,1296.13,170gsilk,oneside,a5
1337,FL-170S-A7-40,95000,saver,345.61,170gsilk,oneside,a7
1338,FL-170S-A6-40,95000,standard,847.19,170gsilk,oneside,a6
1339,FL-170S-A5-40,95000,standard,1524.85,170gsilk,oneside,a5
1340,FL-170S-A6-40,95000,saver,804.82,170gsilk,oneside,a6
1341,FL-170S-AL-40,95000,standard,740.98,170gsilk,oneside,along
1342,FL-170S-AL-40,95000,saver,705.66,170gsilk,oneside,along
1343,FL-170S-VK-40,95000,saver,871.13,170gsilk,oneside,carresmall
1344,FL-170S-VK-40,95000,standard,916.98,170gsilk,oneside,carresmall
1345,FL-170S-US-44,95000,standard,1212.74,170gsilk,bothsides,us
1346,FL-170S-US-44,95000,saver,1121.47,170gsilk,bothsides,us
1347,FL-170S-A5-44,95000,standard,1624.21,170gsilk,bothsides,a5
1348,FL-170S-A5-44,95000,saver,1380.59,170gsilk,bothsides,a5
1349,FL-170S-VG-44,95000,standard,3146.66,170gsilk,bothsides,carrelarge
1350,FL-170S-VG-44,95000,saver,2674.66,170gsilk,bothsides,carrelarge
1351,FL-170S-A7-40,95000,standard,406.59,170gsilk,oneside,a7
1352,FL-170S-VM-40,95000,standard,1448.61,170gsilk,oneside,carremedium
1353,FL-170S-VM-40,95000,saver,1231.33,170gsilk,oneside,carremedium
1354,FL-170S-A4-44,95000,saver,2815.43,170gsilk,bothsides,a4
1355,FL-170S-XL-40,95000,standard,1990.87,170gsilk,oneside,xlong
1356,FL-170S-XL-40,95000,saver,1864.83,170gsilk,oneside,xlong
1357,FL-170S-A4-44,95000,standard,3312.27,170gsilk,bothsides,a4
1358,FL-170S-A4-40,95000,saver,2755.46,170gsilk,oneside,a4
1359,FL-170S-A4-40,95000,standard,3241.72,170gsilk,oneside,a4
1360,FL-170S-US-40,95000,standard,1152.1,170gsilk,oneside,us
1361,FL-170S-US-40,95000,saver,1094.49,170gsilk,oneside,us
1362,FL-170S-VK-44,95000,standard,930.73,170gsilk,bothsides,carresmall
1363,FL-170S-VK-44,95000,saver,791.13,170gsilk,bothsides,carresmall
1364,FL-170S-VM-44,95000,standard,1543,170gsilk,bothsides,carremedium
1365,FL-170S-VM-44,95000,saver,1311.55,170gsilk,bothsides,carremedium
1366,FL-170S-A7-44,95000,standard,433.15,170gsilk,bothsides,a7
1367,FL-170S-A7-44,95000,saver,368.17,170gsilk,bothsides,a7
1368,FL-170S-XL-44,95000,saver,1864.83,170gsilk,bothsides,xlong
1369,FL-170S-AL-44,95000,standard,740.98,170gsilk,bothsides,along
1370,FL-170S-AL-44,95000,saver,705.66,170gsilk,bothsides,along
1371,FL-170S-A6-44,95000,saver,672.72,170gsilk,bothsides,a6
1372,FL-170S-A6-44,95000,standard,791.44,170gsilk,bothsides,a6
1373,FL-170S-XL-44,95000,standard,1990.87,170gsilk,bothsides,xlong
1374,FL-170S-VG-40,95000,standard,2266.55,170gsilk,oneside,carrelarge
1375,FL-170S-VG-40,95000,saver,1797.14,170gsilk,oneside,carrelarge
1376,FL-170S-A6-44,100000,standard,833.91,170gsilk,bothsides,a6
1377,FL-170S-VK-40,100000,standard,964,170gsilk,oneside,carresmall
1378,FL-170S-VK-40,100000,saver,915.8,170gsilk,oneside,carresmall
1379,FL-170S-A4-40,100000,saver,2901.06,170gsilk,oneside,a4
1380,FL-170S-A4-40,100000,standard,3413.02,170gsilk,oneside,a4
1381,FL-170S-A6-44,100000,saver,708.82,170gsilk,bothsides,a6
1382,FL-170S-A4-44,100000,saver,2963.17,170gsilk,bothsides,a4
1383,FL-170S-A4-44,100000,standard,3486.08,170gsilk,bothsides,a4
1384,FL-170S-VM-40,100000,saver,1325.12,170gsilk,oneside,carremedium
1385,FL-170S-VM-40,100000,standard,1558.96,170gsilk,oneside,carremedium
1386,FL-170S-VG-40,100000,saver,1890.88,170gsilk,oneside,carrelarge
1387,FL-170S-VG-40,100000,standard,2379.79,170gsilk,oneside,carrelarge
1388,FL-170S-US-40,100000,standard,1213.24,170gsilk,oneside,us
1389,FL-170S-US-40,100000,saver,1152.57,170gsilk,oneside,us
1390,FL-170S-XL-40,100000,standard,2093.91,170gsilk,oneside,xlong
1391,FL-170S-XL-40,100000,saver,1959.59,170gsilk,oneside,xlong
1392,FL-170S-A7-44,100000,standard,454.11,170gsilk,bothsides,a7
1393,FL-170S-A7-44,100000,saver,385.99,170gsilk,bothsides,a7
1394,FL-170S-XL-44,100000,standard,2093.91,170gsilk,bothsides,xlong
1395,FL-170S-VM-44,100000,saver,1381.89,170gsilk,bothsides,carremedium
1396,FL-170S-VM-44,100000,standard,1625.74,170gsilk,bothsides,carremedium
1397,FL-170S-XL-44,100000,saver,1959.59,170gsilk,bothsides,xlong
1398,FL-170S-VG-44,100000,standard,3311.78,170gsilk,bothsides,carrelarge
1399,FL-170S-VG-44,100000,saver,2815.02,170gsilk,bothsides,carrelarge
1400,FL-170S-VK-44,100000,standard,980.67,170gsilk,bothsides,carresmall
1401,FL-170S-A7-40,100000,standard,428.63,170gsilk,oneside,a7
1402,FL-170S-A7-40,100000,saver,364.33,170gsilk,oneside,a7
1403,FL-170S-US-44,100000,saver,1151.96,170gsilk,bothsides,us
1404,FL-170S-US-44,100000,standard,1277.09,170gsilk,bothsides,us
1405,FL-170S-AL-40,100000,saver,744.66,170gsilk,oneside,along
1406,FL-170S-AL-40,100000,standard,781.98,170gsilk,oneside,along
1407,FL-170S-A6-40,100000,saver,846.98,170gsilk,oneside,a6
1408,FL-170S-A6-40,100000,standard,891.56,170gsilk,oneside,a6
1409,FL-170S-A5-40,100000,standard,1641.01,170gsilk,oneside,a5
1410,FL-170S-A5-40,100000,saver,1394.86,170gsilk,oneside,a5
1411,FL-170S-A5-44,100000,standard,1710.09,170gsilk,bothsides,a5
1412,FL-170S-A5-44,100000,saver,1454.62,170gsilk,bothsides,a5
1413,FL-170S-AL-44,100000,saver,744.66,170gsilk,bothsides,along
1414,FL-170S-AL-44,100000,standard,781.98,170gsilk,bothsides,along
1415,FL-170S-VK-44,100000,saver,833.57,170gsilk,bothsides,carresmall
