,sku,quantity,servicelevel,productiondays,price,@material,@printing,@size
26,FL-170S-VK-40,25,express,0,16.54,170gsilk,oneside,carresmall
27,FL-170S-VK-40,25,standard,2,15.04,170gsilk,oneside,carresmall
31,FL-170S-VK-40,25,saver,4,14.29,170gsilk,oneside,carresmall
51,FL-170S-A6-40,25,saver,4,14.29,170gsilk,oneside,a6
52,FL-170S-VG-40,25,saver,4,14.46,170gsilk,oneside,carrelarge
53,FL-170S-VG-40,25,standard,2,15.23,170gsilk,oneside,carrelarge
54,FL-170S-VG-40,25,express,0,17.64,170gsilk,oneside,carrelarge
68,FL-170S-A6-40,25,standard,2,15.04,170gsilk,oneside,a6
77,FL-170S-XL-44,25,saver,4,15.45,170gsilk,bothsides,xlong
78,FL-170S-XL-44,25,standard,2,20.23,170gsilk,bothsides,xlong
82,FL-170S-XL-44,25,express,0,24.83,170gsilk,bothsides,xlong
86,FL-170S-US-40,25,express,0,17.57,170gsilk,oneside,us
87,FL-170S-US-40,25,standard,2,15.33,170gsilk,oneside,us
91,FL-170S-US-40,25,saver,4,14.56,170gsilk,oneside,us
99,FL-170S-VM-44,25,saver,4,15.04,170gsilk,bothsides,carremedium
112,FL-170S-VM-44,25,standard,2,15.83,170gsilk,bothsides,carremedium
113,FL-170S-VM-44,25,express,0,17.41,170gsilk,bothsides,carremedium
114,FL-170S-VK-44,25,saver,4,15.04,170gsilk,bothsides,carresmall
134,FL-170S-VG-44,25,saver,4,15.98,170gsilk,bothsides,carrelarge
135,FL-170S-VG-44,25,standard,2,16.82,170gsilk,bothsides,carrelarge
139,FL-170S-VG-44,25,express,0,18.5,170gsilk,bothsides,carrelarge
146,FL-170S-VK-44,25,express,0,17.41,170gsilk,bothsides,carresmall
192,FL-170S-VK-44,25,standard,2,15.83,170gsilk,bothsides,carresmall
195,FL-170S-A6-40,25,express,0,16.54,170gsilk,oneside,a6
196,FL-170S-AL-44,25,saver,4,14.53,170gsilk,bothsides,along
197,FL-170S-AL-44,25,standard,2,19.31,170gsilk,bothsides,along
198,FL-170S-AL-44,25,express,0,23.91,170gsilk,bothsides,along
206,FL-170S-VM-40,25,standard,2,14.95,170gsilk,oneside,carremedium
216,FL-170S-VM-40,25,saver,4,14.19,170gsilk,oneside,carremedium
230,FL-170S-A5-40,25,express,0,16.54,170gsilk,oneside,a5
238,FL-170S-VM-40,25,express,0,16.54,170gsilk,oneside,carremedium
269,FL-170S-A7-40,25,saver,4,11.49,170gsilk,oneside,a7
270,FL-170S-A7-40,25,standard,2,12.12,170gsilk,oneside,a7
274,FL-170S-A7-40,25,express,0,14.02,170gsilk,oneside,a7
299,FL-170S-A4-44,25,standard,2,16.82,170gsilk,bothsides,a4
300,FL-170S-A4-44,25,saver,4,15.98,170gsilk,bothsides,a4
329,FL-170S-A4-44,25,express,0,18.5,170gsilk,bothsides,a4
352,FL-170S-A5-40,25,saver,4,14.29,170gsilk,oneside,a5
358,FL-170S-A5-40,25,standard,2,15.04,170gsilk,oneside,a5
392,FL-170S-A5-44,25,express,0,17.41,170gsilk,bothsides,a5
401,FL-170S-A5-44,25,standard,2,15.83,170gsilk,bothsides,a5
413,FL-170S-A5-44,25,saver,4,15.04,170gsilk,bothsides,a5
423,FL-170S-US-44,25,express,0,18.5,170gsilk,bothsides,us
424,FL-170S-US-44,25,standard,2,16.61,170gsilk,bothsides,us
425,FL-170S-US-44,25,saver,4,15.78,170gsilk,bothsides,us
443,FL-170S-A4-40,25,standard,2,15.98,170gsilk,oneside,a4
467,FL-170S-AL-40,25,express,0,23.45,170gsilk,oneside,along
468,FL-170S-AL-40,25,standard,2,18.85,170gsilk,oneside,along
469,FL-170S-AL-40,25,saver,4,14.07,170gsilk,oneside,along
485,FL-170S-A4-40,25,saver,4,15.18,170gsilk,oneside,a4
504,FL-170S-A6-44,25,express,0,17.41,170gsilk,bothsides,a6
505,FL-170S-A6-44,25,standard,2,15.83,170gsilk,bothsides,a6
506,FL-170S-A6-44,25,saver,4,15.04,170gsilk,bothsides,a6
548,FL-170S-A7-44,25,saver,4,12.69,170gsilk,bothsides,a7
560,FL-170S-A7-44,25,standard,2,13.36,170gsilk,bothsides,a7
561,FL-170S-A7-44,25,express,0,15.46,170gsilk,bothsides,a7
607,FL-170S-XL-40,25,saver,4,14.71,170gsilk,oneside,xlong
633,FL-170S-XL-40,25,standard,2,19.31,170gsilk,oneside,xlong
661,FL-170S-XL-40,25,express,0,23.91,170gsilk,oneside,xlong
772,FL-170S-A4-40,25,express,0,17.57,170gsilk,oneside,a4
780,FL-170S-A4-40,50,express,0,19.65,170gsilk,oneside,a4
814,FL-170S-A7-44,50,express,0,15.63,170gsilk,bothsides,a7
815,FL-170S-A7-44,50,standard,2,13.51,170gsilk,bothsides,a7
817,FL-170S-A7-44,50,saver,4,12.83,170gsilk,bothsides,a7
830,FL-170S-A4-44,50,standard,2,18.8,170gsilk,bothsides,a4
831,FL-170S-A4-44,50,saver,4,17.86,170gsilk,bothsides,a4
838,FL-170S-VM-40,50,express,0,17.57,170gsilk,oneside,carremedium
839,FL-170S-VM-40,50,standard,2,15.98,170gsilk,oneside,carremedium
840,FL-170S-VM-40,50,saver,4,15.18,170gsilk,oneside,carremedium
847,FL-170S-A4-44,50,express,0,20.68,170gsilk,bothsides,a4
851,FL-170S-A4-40,50,standard,2,17.86,170gsilk,oneside,a4
870,FL-170S-A4-40,50,saver,4,16.97,170gsilk,oneside,a4
915,FL-170S-VG-44,50,saver,4,17.86,170gsilk,bothsides,carrelarge
916,FL-170S-VG-44,50,express,0,20.68,170gsilk,bothsides,carrelarge
922,FL-170S-VG-44,50,standard,2,18.8,170gsilk,bothsides,carrelarge
926,FL-170S-XL-40,50,saver,4,15.91,170gsilk,oneside,xlong
927,FL-170S-XL-40,50,standard,2,20.69,170gsilk,oneside,xlong
928,FL-170S-XL-40,50,express,0,25.29,170gsilk,oneside,xlong
999,FL-170S-A5-44,50,saver,4,15.98,170gsilk,bothsides,a5
1000,FL-170S-A5-44,50,standard,2,16.82,170gsilk,bothsides,a5
1001,FL-170S-A5-44,50,express,0,18.5,170gsilk,bothsides,a5
1002,FL-170S-AL-40,50,express,0,23.91,170gsilk,oneside,along
1004,FL-170S-AL-40,50,standard,2,19.31,170gsilk,oneside,along
1011,FL-170S-AL-40,50,saver,4,14.71,170gsilk,oneside,along
1019,FL-170S-A7-40,50,express,0,14.19,170gsilk,oneside,a7
1020,FL-170S-A7-40,50,standard,2,12.25,170gsilk,oneside,a7
1021,FL-170S-A7-40,50,saver,4,11.65,170gsilk,oneside,a7
1028,FL-170S-AL-44,50,express,0,24.83,170gsilk,bothsides,along
1029,FL-170S-AL-44,50,standard,2,20.23,170gsilk,bothsides,along
1030,FL-170S-AL-44,50,saver,4,15.45,170gsilk,bothsides,along
1069,FL-170S-A5-40,50,express,0,17.57,170gsilk,oneside,a5
1070,FL-170S-A5-40,50,standard,2,15.98,170gsilk,oneside,a5
1071,FL-170S-A5-40,50,saver,4,15.18,170gsilk,oneside,a5
1119,FL-170S-XL-44,50,saver,4,17.47,170gsilk,bothsides,xlong
1120,FL-170S-XL-44,50,standard,2,22.07,170gsilk,bothsides,xlong
1139,FL-170S-XL-44,50,express,0,26.67,170gsilk,bothsides,xlong
1140,FL-170S-VG-40,50,saver,4,17.44,170gsilk,oneside,carrelarge
1141,FL-170S-VG-40,50,standard,2,18.35,170gsilk,oneside,carrelarge
1142,FL-170S-VG-40,50,express,0,21.26,170gsilk,oneside,carrelarge
1143,FL-170S-US-40,50,express,0,18.1,170gsilk,oneside,us
1144,FL-170S-US-40,50,standard,2,16.45,170gsilk,oneside,us
1146,FL-170S-US-40,50,saver,4,15.63,170gsilk,oneside,us
1384,FL-170S-VK-40,50,express,0,17.07,170gsilk,oneside,carresmall
1395,FL-170S-A6-44,50,saver,4,15.51,170gsilk,bothsides,a6
1396,FL-170S-A6-44,50,standard,2,16.33,170gsilk,bothsides,a6
1399,FL-170S-A6-44,50,express,0,17.96,170gsilk,bothsides,a6
1420,FL-170S-VK-40,50,saver,4,14.74,170gsilk,oneside,carresmall
1421,FL-170S-VK-40,50,standard,2,15.51,170gsilk,oneside,carresmall
1516,FL-170S-A6-40,50,standard,2,15.51,170gsilk,oneside,a6
1518,FL-170S-A6-40,50,saver,4,14.74,170gsilk,oneside,a6
1523,FL-170S-A6-40,50,express,0,17.07,170gsilk,oneside,a6
1533,FL-170S-VK-44,50,express,0,17.96,170gsilk,bothsides,carresmall
1534,FL-170S-VK-44,50,standard,2,16.33,170gsilk,bothsides,carresmall
1537,FL-170S-VK-44,50,saver,4,15.51,170gsilk,bothsides,carresmall
1538,FL-170S-VM-44,50,express,0,18.5,170gsilk,bothsides,carremedium
1539,FL-170S-VM-44,50,standard,2,16.82,170gsilk,bothsides,carremedium
1540,FL-170S-VM-44,50,saver,4,15.98,170gsilk,bothsides,carremedium
1550,FL-170S-US-44,50,saver,4,16.37,170gsilk,bothsides,us
1551,FL-170S-US-44,50,standard,2,17.22,170gsilk,bothsides,us
1553,FL-170S-US-44,50,express,0,19.05,170gsilk,bothsides,us
1574,FL-170S-XL-40,75,express,0,26.21,170gsilk,oneside,xlong
1578,FL-170S-XL-40,75,standard,2,21.61,170gsilk,oneside,xlong
1582,FL-170S-XL-40,75,saver,4,17.01,170gsilk,oneside,xlong
1586,FL-170S-VG-44,75,saver,4,19.99,170gsilk,bothsides,carrelarge
1587,FL-170S-VG-44,75,standard,2,21.06,170gsilk,bothsides,carrelarge
1589,FL-170S-VG-44,75,express,0,22.32,170gsilk,bothsides,carrelarge
1638,FL-170S-US-44,75,saver,4,16.65,170gsilk,bothsides,us
1639,FL-170S-US-44,75,standard,2,17.52,170gsilk,bothsides,us
1642,FL-170S-US-44,75,express,0,19.32,170gsilk,bothsides,us
1654,FL-170S-A5-44,75,saver,4,16.45,170gsilk,bothsides,a5
1655,FL-170S-A5-44,75,standard,2,17.32,170gsilk,bothsides,a5
1675,FL-170S-A5-44,75,express,0,19.05,170gsilk,bothsides,a5
1718,FL-170S-A6-44,75,saver,4,15.75,170gsilk,bothsides,a6
1719,FL-170S-A6-44,75,standard,2,16.58,170gsilk,bothsides,a6
1720,FL-170S-A6-44,75,express,0,18.23,170gsilk,bothsides,a6
1826,FL-170S-VM-40,75,express,0,18.09,170gsilk,oneside,carremedium
1827,FL-170S-VM-40,75,standard,2,16.45,170gsilk,oneside,carremedium
1828,FL-170S-VM-40,75,saver,4,15.63,170gsilk,oneside,carremedium
1852,FL-170S-A6-40,75,saver,4,14.96,170gsilk,oneside,a6
1853,FL-170S-A6-40,75,standard,2,15.75,170gsilk,oneside,a6
1856,FL-170S-A4-44,75,express,0,22.32,170gsilk,bothsides,a4
1857,FL-170S-A4-44,75,standard,2,20.29,170gsilk,bothsides,a4
1859,FL-170S-A4-44,75,saver,4,19.27,170gsilk,bothsides,a4
1870,FL-170S-A6-40,75,express,0,17.32,170gsilk,oneside,a6
1903,FL-170S-A4-40,75,express,0,21.2,170gsilk,oneside,a4
1904,FL-170S-A4-40,75,standard,2,19.27,170gsilk,oneside,a4
1905,FL-170S-A4-40,75,saver,4,18.31,170gsilk,oneside,a4
1968,FL-170S-A7-44,75,express,0,15.78,170gsilk,bothsides,a7
1969,FL-170S-A7-44,75,standard,2,13.62,170gsilk,bothsides,a7
1970,FL-170S-A7-44,75,saver,4,12.94,170gsilk,bothsides,a7
1978,FL-170S-VM-44,75,standard,2,17.32,170gsilk,bothsides,carremedium
1982,FL-170S-VM-44,75,express,0,19.05,170gsilk,bothsides,carremedium
1983,FL-170S-VK-44,75,saver,4,15.75,170gsilk,bothsides,carresmall
1984,FL-170S-VK-44,75,standard,2,16.58,170gsilk,bothsides,carresmall
1985,FL-170S-VK-44,75,express,0,18.23,170gsilk,bothsides,carresmall
1988,FL-170S-VM-44,75,saver,4,16.45,170gsilk,bothsides,carremedium
2042,FL-170S-VG-40,75,standard,2,20.14,170gsilk,oneside,carrelarge
2043,FL-170S-VG-40,75,saver,4,19.14,170gsilk,oneside,carrelarge
2044,FL-170S-XL-44,75,express,0,28.51,170gsilk,bothsides,xlong
2045,FL-170S-XL-44,75,standard,2,23.91,170gsilk,bothsides,xlong
2046,FL-170S-XL-44,75,saver,4,19.31,170gsilk,bothsides,xlong
2052,FL-170S-VG-40,75,express,0,23.32,170gsilk,oneside,carrelarge
2107,FL-170S-VK-40,75,standard,2,15.75,170gsilk,oneside,carresmall
2118,FL-170S-VK-40,75,express,0,17.32,170gsilk,oneside,carresmall
2129,FL-170S-VK-40,75,saver,4,14.96,170gsilk,oneside,carresmall
2139,FL-170S-A7-40,75,express,0,14.34,170gsilk,oneside,a7
2140,FL-170S-A7-40,75,standard,2,12.37,170gsilk,oneside,a7
2141,FL-170S-A7-40,75,saver,4,11.77,170gsilk,oneside,a7
2155,FL-170S-AL-44,75,express,0,25.75,170gsilk,bothsides,along
2157,FL-170S-AL-44,75,standard,2,21.15,170gsilk,bothsides,along
2183,FL-170S-AL-44,75,saver,4,16.55,170gsilk,bothsides,along
2249,FL-170S-AL-40,75,saver,4,15.45,170gsilk,oneside,along
2252,FL-170S-AL-40,75,standard,2,20.23,170gsilk,oneside,along
2253,FL-170S-AL-40,75,express,0,24.83,170gsilk,oneside,along
2264,FL-170S-A5-40,75,saver,4,15.63,170gsilk,oneside,a5
2265,FL-170S-A5-40,75,standard,2,16.45,170gsilk,oneside,a5
2269,FL-170S-A5-40,75,express,0,18.09,170gsilk,oneside,a5
2290,FL-170S-US-40,75,express,0,18.36,170gsilk,oneside,us
2291,FL-170S-US-40,75,standard,2,16.69,170gsilk,oneside,us
2292,FL-170S-US-40,75,saver,4,15.85,170gsilk,oneside,us
2340,FL-170S-VK-40,100,express,0,17.57,170gsilk,oneside,carresmall
2353,FL-170S-A4-40,100,saver,4,19.64,170gsilk,oneside,a4
2433,FL-170S-A4-40,100,standard,2,20.68,170gsilk,oneside,a4
2434,FL-170S-A4-40,100,express,0,22.75,170gsilk,oneside,a4
2512,FL-170S-VK-40,100,saver,4,15.18,170gsilk,oneside,carresmall
2513,FL-170S-VK-40,100,standard,2,15.98,170gsilk,oneside,carresmall
2515,FL-170S-A7-44,100,express,0,15.95,170gsilk,bothsides,a7
2516,FL-170S-A7-44,100,standard,2,13.77,170gsilk,bothsides,a7
2517,FL-170S-A7-44,100,saver,4,13.08,170gsilk,bothsides,a7
2554,FL-170S-A5-40,100,saver,4,16.07,170gsilk,oneside,a5
2578,FL-170S-A4-44,100,express,0,23.95,170gsilk,bothsides,a4
2580,FL-170S-A5-40,100,standard,2,16.92,170gsilk,oneside,a5
2601,FL-170S-A5-40,100,express,0,18.61,170gsilk,oneside,a5
2606,FL-170S-A4-44,100,standard,2,21.77,170gsilk,bothsides,a4
2607,FL-170S-A4-44,100,saver,4,20.68,170gsilk,bothsides,a4
2609,FL-170S-VM-40,100,express,0,18.61,170gsilk,oneside,carremedium
2613,FL-170S-VM-40,100,standard,2,16.92,170gsilk,oneside,carremedium
2614,FL-170S-VM-40,100,saver,4,16.07,170gsilk,oneside,carremedium
2626,FL-170S-US-44,100,express,0,19.59,170gsilk,bothsides,us
2627,FL-170S-US-44,100,standard,2,17.81,170gsilk,bothsides,us
2628,FL-170S-US-44,100,saver,4,16.92,170gsilk,bothsides,us
2671,FL-170S-AL-40,100,express,0,25.29,170gsilk,oneside,along
2672,FL-170S-AL-40,100,standard,2,20.69,170gsilk,oneside,along
2673,FL-170S-AL-40,100,saver,4,15.91,170gsilk,oneside,along
2682,FL-170S-AL-44,100,saver,4,17.47,170gsilk,bothsides,along
2683,FL-170S-AL-44,100,standard,2,22.07,170gsilk,bothsides,along
2684,FL-170S-AL-44,100,express,0,26.67,170gsilk,bothsides,along
2707,FL-170S-A5-44,100,standard,2,17.81,170gsilk,bothsides,a5
2708,FL-170S-A5-44,100,express,0,19.59,170gsilk,bothsides,a5
2718,FL-170S-A5-44,100,saver,4,16.92,170gsilk,bothsides,a5
2735,FL-170S-A7-40,100,saver,4,11.84,170gsilk,oneside,a7
2736,FL-170S-A7-40,100,standard,2,12.46,170gsilk,oneside,a7
2737,FL-170S-A7-40,100,express,0,14.42,170gsilk,oneside,a7
2835,FL-170S-A6-40,100,express,0,17.57,170gsilk,oneside,a6
2853,FL-170S-VK-44,100,express,0,18.5,170gsilk,bothsides,carresmall
2854,FL-170S-VK-44,100,standard,2,16.82,170gsilk,bothsides,carresmall
2855,FL-170S-VK-44,100,saver,4,15.98,170gsilk,bothsides,carresmall
2865,FL-170S-A6-40,100,standard,2,15.98,170gsilk,oneside,a6
2866,FL-170S-A6-40,100,saver,4,15.18,170gsilk,oneside,a6
2893,FL-170S-VG-44,100,express,0,23.95,170gsilk,bothsides,carrelarge
2959,FL-170S-XL-40,100,express,0,27.59,170gsilk,oneside,xlong
2960,FL-170S-XL-40,100,standard,2,22.99,170gsilk,oneside,xlong
2961,FL-170S-XL-40,100,saver,4,18.21,170gsilk,oneside,xlong
2972,FL-170S-VG-44,100,saver,4,20.68,170gsilk,bothsides,carrelarge
2975,FL-170S-VG-44,100,standard,2,21.77,170gsilk,bothsides,carrelarge
3041,FL-170S-XL-44,100,express,0,30.35,170gsilk,bothsides,xlong
3064,FL-170S-XL-44,100,saver,4,21.15,170gsilk,bothsides,xlong
3066,FL-170S-XL-44,100,standard,2,25.75,170gsilk,bothsides,xlong
3075,FL-170S-US-40,100,saver,4,16.07,170gsilk,oneside,us
3076,FL-170S-VG-40,100,standard,2,21.69,170gsilk,oneside,carrelarge
3077,FL-170S-VG-40,100,express,0,25.12,170gsilk,oneside,carrelarge
3084,FL-170S-VM-44,100,saver,4,16.92,170gsilk,bothsides,carremedium
3085,FL-170S-VM-44,100,standard,2,17.81,170gsilk,bothsides,carremedium
3086,FL-170S-VM-44,100,express,0,19.59,170gsilk,bothsides,carremedium
3101,FL-170S-A6-44,100,express,0,18.5,170gsilk,bothsides,a6
3102,FL-170S-A6-44,100,standard,2,16.82,170gsilk,bothsides,a6
3103,FL-170S-A6-44,100,saver,4,15.98,170gsilk,bothsides,a6
3107,FL-170S-VG-40,100,saver,4,20.62,170gsilk,oneside,carrelarge
3109,FL-170S-US-40,100,express,0,18.61,170gsilk,oneside,us
3119,FL-170S-US-40,100,standard,2,16.92,170gsilk,oneside,us
3134,FL-170S-XL-40,150,express,0,29.89,170gsilk,oneside,xlong
3146,FL-170S-XL-40,150,standard,2,25.29,170gsilk,oneside,xlong
3157,FL-170S-XL-40,150,saver,4,20.69,170gsilk,oneside,xlong
3167,FL-170S-US-40,150,express,0,19.14,170gsilk,oneside,us
3182,FL-170S-VG-40,150,express,0,27.26,170gsilk,oneside,carrelarge
3183,FL-170S-VG-40,150,standard,2,23.54,170gsilk,oneside,carrelarge
3196,FL-170S-VG-40,150,saver,4,22.36,170gsilk,oneside,carrelarge
3203,FL-170S-VK-40,150,express,0,18.1,170gsilk,oneside,carresmall
3219,FL-170S-VK-40,150,saver,4,15.63,170gsilk,oneside,carresmall
3220,FL-170S-VK-40,150,standard,2,16.45,170gsilk,oneside,carresmall
3235,FL-170S-US-40,150,saver,4,16.52,170gsilk,oneside,us
3236,FL-170S-US-40,150,standard,2,17.39,170gsilk,oneside,us
3263,FL-170S-XL-44,150,express,0,34.03,170gsilk,bothsides,xlong
3267,FL-170S-XL-44,150,standard,2,29.43,170gsilk,bothsides,xlong
3268,FL-170S-XL-44,150,saver,4,24.83,170gsilk,bothsides,xlong
3274,FL-170S-VG-44,150,express,0,28.3,170gsilk,bothsides,carrelarge
3347,FL-170S-AL-44,150,saver,4,19.31,170gsilk,bothsides,along
3372,FL-170S-AL-44,150,standard,2,23.91,170gsilk,bothsides,along
3373,FL-170S-AL-44,150,express,0,28.51,170gsilk,bothsides,along
3391,FL-170S-A7-40,150,express,0,15.52,170gsilk,oneside,a7
3392,FL-170S-A7-40,150,standard,2,13.4,170gsilk,oneside,a7
3393,FL-170S-A7-40,150,saver,4,12.74,170gsilk,oneside,a7
3406,FL-170S-A5-40,150,saver,4,19.64,170gsilk,oneside,a5
3410,FL-170S-A5-40,150,standard,2,20.68,170gsilk,oneside,a5
3411,FL-170S-A5-40,150,express,0,22.75,170gsilk,oneside,a5
3419,FL-170S-VG-44,150,saver,4,24.44,170gsilk,bothsides,carrelarge
3420,FL-170S-VG-44,150,standard,2,25.73,170gsilk,bothsides,carrelarge
3490,FL-170S-A6-40,150,standard,2,16.45,170gsilk,oneside,a6
3494,FL-170S-A6-40,150,express,0,18.1,170gsilk,oneside,a6
3503,FL-170S-A6-40,150,saver,4,15.63,170gsilk,oneside,a6
3541,FL-170S-AL-40,150,express,0,26.21,170gsilk,oneside,along
3542,FL-170S-AL-40,150,standard,2,21.61,170gsilk,oneside,along
3583,FL-170S-A5-44,150,saver,4,20.68,170gsilk,bothsides,a5
3585,FL-170S-A5-44,150,standard,2,21.77,170gsilk,bothsides,a5
3599,FL-170S-A5-44,150,express,0,23.95,170gsilk,bothsides,a5
3640,FL-170S-A6-44,150,express,0,19.05,170gsilk,bothsides,a6
3644,FL-170S-A6-44,150,standard,2,17.32,170gsilk,bothsides,a6
3645,FL-170S-A6-44,150,saver,4,16.44,170gsilk,bothsides,a6
3670,FL-170S-VK-44,150,saver,4,16.44,170gsilk,bothsides,carresmall
3671,FL-170S-VK-44,150,standard,2,17.32,170gsilk,bothsides,carresmall
3672,FL-170S-VK-44,150,express,0,19.05,170gsilk,bothsides,carresmall
3691,FL-170S-A7-44,150,express,0,17.39,170gsilk,bothsides,a7
3692,FL-170S-A7-44,150,standard,2,15.01,170gsilk,bothsides,a7
3693,FL-170S-A7-44,150,saver,4,14.27,170gsilk,bothsides,a7
3701,FL-170S-VM-44,150,saver,4,20.68,170gsilk,bothsides,carremedium
3702,FL-170S-VM-44,150,standard,2,21.77,170gsilk,bothsides,carremedium
3703,FL-170S-VM-44,150,express,0,23.95,170gsilk,bothsides,carremedium
3728,FL-170S-AL-40,150,saver,4,17.01,170gsilk,oneside,along
3731,FL-170S-US-44,150,express,0,20.14,170gsilk,bothsides,us
3756,FL-170S-VM-40,150,express,0,22.75,170gsilk,oneside,carremedium
3757,FL-170S-US-44,150,saver,4,17.39,170gsilk,bothsides,us
3758,FL-170S-A4-40,150,express,0,26.89,170gsilk,oneside,a4
3783,FL-170S-US-44,150,standard,2,18.31,170gsilk,bothsides,us
3796,FL-170S-A4-44,150,saver,4,24.44,170gsilk,bothsides,a4
3810,FL-170S-A4-44,150,express,0,28.3,170gsilk,bothsides,a4
3816,FL-170S-A4-44,150,standard,2,25.73,170gsilk,bothsides,a4
3820,FL-170S-A4-40,150,standard,2,24.44,170gsilk,oneside,a4
3872,FL-170S-VM-40,150,saver,4,18.74,170gsilk,oneside,carremedium
3873,FL-170S-VM-40,150,standard,2,19.71,170gsilk,oneside,carremedium
3880,FL-170S-A4-40,150,saver,4,23.22,170gsilk,oneside,a4
3907,FL-170S-VM-44,200,saver,4,23.06,170gsilk,bothsides,carremedium
3913,FL-170S-VM-44,200,standard,2,24.28,170gsilk,bothsides,carremedium
3914,FL-170S-VM-44,200,express,0,27.22,170gsilk,bothsides,carremedium
3977,FL-170S-VK-44,200,standard,2,17.81,170gsilk,bothsides,carresmall
3997,FL-170S-A6-40,200,saver,4,16.07,170gsilk,oneside,a6
3998,FL-170S-A6-40,200,standard,2,16.92,170gsilk,oneside,a6
3999,FL-170S-A6-40,200,express,0,18.61,170gsilk,oneside,a6
4023,FL-170S-VG-44,200,express,0,32.66,170gsilk,bothsides,carrelarge
4024,FL-170S-VG-44,200,standard,2,29.69,170gsilk,bothsides,carrelarge
4025,FL-170S-VG-44,200,saver,4,28.21,170gsilk,bothsides,carrelarge
4046,FL-170S-VK-44,200,saver,4,16.92,170gsilk,bothsides,carresmall
4074,FL-170S-VK-44,200,express,0,19.59,170gsilk,bothsides,carresmall
4132,FL-170S-A7-40,200,express,0,15.93,170gsilk,oneside,a7
4133,FL-170S-A7-40,200,standard,2,13.75,170gsilk,oneside,a7
4134,FL-170S-A7-40,200,saver,4,13.07,170gsilk,oneside,a7
4143,FL-170S-A4-44,200,standard,2,29.69,170gsilk,bothsides,a4
4144,FL-170S-A4-44,200,express,0,32.66,170gsilk,bothsides,a4
4164,FL-170S-A4-44,200,saver,4,28.21,170gsilk,bothsides,a4
4167,FL-170S-AL-44,200,standard,2,25.75,170gsilk,bothsides,along
4168,FL-170S-AL-44,200,saver,4,21.15,170gsilk,bothsides,along
4186,FL-170S-AL-44,200,express,0,30.35,170gsilk,bothsides,along
4236,FL-170S-A4-40,200,express,0,31.03,170gsilk,oneside,a4
4252,FL-170S-VK-40,200,saver,4,16.07,170gsilk,oneside,carresmall
4253,FL-170S-VK-40,200,standard,2,16.92,170gsilk,oneside,carresmall
4254,FL-170S-VK-40,200,express,0,18.61,170gsilk,oneside,carresmall
4255,FL-170S-A4-40,200,saver,4,26.8,170gsilk,oneside,a4
4256,FL-170S-A4-40,200,standard,2,28.21,170gsilk,oneside,a4
4273,FL-170S-A5-40,200,saver,4,22.25,170gsilk,oneside,a5
4274,FL-170S-A5-40,200,standard,2,23.41,170gsilk,oneside,a5
4275,FL-170S-A5-40,200,express,0,25.85,170gsilk,oneside,a5
4301,FL-170S-VM-40,200,saver,4,21.14,170gsilk,oneside,carremedium
4302,FL-170S-VM-40,200,standard,2,22.24,170gsilk,oneside,carremedium
4303,FL-170S-VM-40,200,express,0,25.77,170gsilk,oneside,carremedium
4383,FL-170S-VG-40,200,express,0,31.17,170gsilk,oneside,carrelarge
4384,FL-170S-VG-40,200,standard,2,28.33,170gsilk,oneside,carrelarge
4385,FL-170S-VG-40,200,saver,4,25.5,170gsilk,oneside,carrelarge
4392,FL-170S-XL-44,200,express,0,37.71,170gsilk,bothsides,xlong
4393,FL-170S-XL-44,200,standard,2,33.11,170gsilk,bothsides,xlong
4394,FL-170S-XL-44,200,saver,4,28.51,170gsilk,bothsides,xlong
4395,FL-170S-US-40,200,saver,4,16.97,170gsilk,oneside,us
4396,FL-170S-US-40,200,standard,2,17.86,170gsilk,oneside,us
4397,FL-170S-US-40,200,express,0,19.65,170gsilk,oneside,us
4452,FL-170S-A7-44,200,saver,4,14.47,170gsilk,bothsides,a7
4453,FL-170S-A7-44,200,standard,2,15.23,170gsilk,bothsides,a7
4454,FL-170S-A7-44,200,express,0,17.64,170gsilk,bothsides,a7
4509,FL-170S-A6-44,200,express,0,19.59,170gsilk,bothsides,a6
4518,FL-170S-A6-44,200,standard,2,17.81,170gsilk,bothsides,a6
4527,FL-170S-A6-44,200,saver,4,16.92,170gsilk,bothsides,a6
4561,FL-170S-US-44,200,saver,4,17.62,170gsilk,bothsides,us
4563,FL-170S-XL-40,200,saver,4,22.99,170gsilk,oneside,xlong
4600,FL-170S-US-44,200,standard,2,18.8,170gsilk,bothsides,us
4601,FL-170S-US-44,200,express,0,20.68,170gsilk,bothsides,us
4612,FL-170S-XL-40,200,standard,2,27.59,170gsilk,oneside,xlong
4626,FL-170S-XL-40,200,express,0,32.19,170gsilk,oneside,xlong
4635,FL-170S-AL-40,200,saver,4,18.21,170gsilk,oneside,along
4636,FL-170S-AL-40,200,standard,2,22.99,170gsilk,oneside,along
4637,FL-170S-AL-40,200,express,0,27.59,170gsilk,oneside,along
4642,FL-170S-A5-44,200,express,0,27.22,170gsilk,bothsides,a5
4643,FL-170S-A5-44,200,standard,2,24.74,170gsilk,bothsides,a5
4644,FL-170S-A5-44,200,saver,4,23.5,170gsilk,bothsides,a5
4682,FL-170S-US-40,250,saver,4,17.86,170gsilk,oneside,us
4684,FL-170S-US-40,250,standard,2,18.8,170gsilk,oneside,us
4685,FL-170S-US-40,250,express,0,20.68,170gsilk,oneside,us
4690,FL-170S-VM-40,250,saver,4,23.3,170gsilk,oneside,carremedium
4693,FL-170S-VM-40,250,standard,2,25.82,170gsilk,oneside,carremedium
4694,FL-170S-VM-40,250,express,0,29.89,170gsilk,oneside,carremedium
4702,FL-170S-VM-44,250,standard,2,25.94,170gsilk,bothsides,carremedium
4717,FL-170S-US-44,250,standard,2,19.79,170gsilk,bothsides,us
4718,FL-170S-US-44,250,express,0,21.77,170gsilk,bothsides,us
4730,FL-170S-A7-40,250,saver,4,13.48,170gsilk,oneside,a7
4742,FL-170S-XL-44,250,saver,4,32.19,170gsilk,bothsides,xlong
4743,FL-170S-XL-44,250,standard,2,36.79,170gsilk,bothsides,xlong
4744,FL-170S-XL-44,250,express,0,41.39,170gsilk,bothsides,xlong
4754,FL-170S-A4-40,250,express,0,39.72,170gsilk,oneside,a4
4755,FL-170S-A4-40,250,standard,2,34.31,170gsilk,oneside,a4
4788,FL-170S-A6-44,250,express,0,20.68,170gsilk,bothsides,a6
4791,FL-170S-A6-44,250,standard,2,18.8,170gsilk,bothsides,a6
4793,FL-170S-A6-44,250,saver,4,16.96,170gsilk,bothsides,a6
4805,FL-170S-VM-44,250,saver,4,24.66,170gsilk,bothsides,carremedium
4844,FL-170S-US-44,250,saver,4,17.85,170gsilk,bothsides,us
4845,FL-170S-VK-44,250,saver,4,17.86,170gsilk,bothsides,carresmall
4846,FL-170S-VK-44,250,standard,2,18.8,170gsilk,bothsides,carresmall
4847,FL-170S-VK-44,250,express,0,21.4,170gsilk,bothsides,carresmall
4863,FL-170S-VM-44,250,express,0,30.06,170gsilk,bothsides,carremedium
4865,FL-170S-A7-40,250,standard,2,14.19,170gsilk,oneside,a7
4883,FL-170S-A7-40,250,express,0,16.44,170gsilk,oneside,a7
4987,FL-170S-AL-40,250,express,0,28.51,170gsilk,oneside,along
4988,FL-170S-AL-40,250,standard,2,23.91,170gsilk,oneside,along
5004,FL-170S-AL-40,250,saver,4,19.31,170gsilk,oneside,along
5008,FL-170S-A5-44,250,express,0,31.63,170gsilk,bothsides,a5
5009,FL-170S-A5-44,250,standard,2,27.31,170gsilk,bothsides,a5
5010,FL-170S-A5-44,250,saver,4,25.95,170gsilk,bothsides,a5
5052,FL-170S-A4-44,250,standard,2,39.59,170gsilk,bothsides,a4
5053,FL-170S-A4-44,250,saver,4,35.71,170gsilk,bothsides,a4
5055,FL-170S-A4-44,250,express,0,43.55,170gsilk,bothsides,a4
5086,FL-170S-VG-40,250,express,0,37.74,170gsilk,oneside,carrelarge
5087,FL-170S-VG-40,250,standard,2,32.59,170gsilk,oneside,carrelarge
5088,FL-170S-VG-40,250,saver,4,30.97,170gsilk,oneside,carrelarge
5104,FL-170S-AL-44,250,saver,4,22.99,170gsilk,bothsides,along
5105,FL-170S-AL-44,250,standard,2,27.59,170gsilk,bothsides,along
5106,FL-170S-AL-44,250,express,0,32.19,170gsilk,bothsides,along
5125,FL-170S-A7-44,250,saver,4,15.17,170gsilk,bothsides,a7
5126,FL-170S-A7-44,250,standard,2,16.26,170gsilk,bothsides,a7
5128,FL-170S-A7-44,250,express,0,18.5,170gsilk,bothsides,a7
5201,FL-170S-XL-40,250,saver,4,25.29,170gsilk,oneside,xlong
5207,FL-170S-XL-40,250,express,0,34.49,170gsilk,oneside,xlong
5208,FL-170S-XL-40,250,standard,2,29.89,170gsilk,oneside,xlong
5227,FL-170S-VG-44,250,saver,4,36.45,170gsilk,bothsides,carrelarge
5233,FL-170S-A6-40,250,express,0,19.65,170gsilk,oneside,a6
5244,FL-170S-VG-44,250,standard,2,39.59,170gsilk,bothsides,carrelarge
5299,FL-170S-A5-40,250,saver,4,24.54,170gsilk,oneside,a5
5300,FL-170S-A5-40,250,standard,2,27.19,170gsilk,oneside,a5
5304,FL-170S-A5-40,250,express,0,29.94,170gsilk,oneside,a5
5309,FL-170S-VK-40,250,saver,4,16.97,170gsilk,oneside,carresmall
5320,FL-170S-VK-40,250,standard,2,17.86,170gsilk,oneside,carresmall
5322,FL-170S-VK-40,250,express,0,19.65,170gsilk,oneside,carresmall
5351,FL-170S-VG-44,250,express,0,43.55,170gsilk,bothsides,carrelarge
5373,FL-170S-A4-40,250,saver,4,32.6,170gsilk,oneside,a4
5434,FL-170S-A6-40,250,saver,4,16.97,170gsilk,oneside,a6
5442,FL-170S-A6-40,250,standard,2,17.86,170gsilk,oneside,a6
5467,FL-170S-XL-40,500,saver,4,36.33,170gsilk,oneside,xlong
5476,FL-170S-A4-44,500,express,0,60.21,170gsilk,bothsides,a4
5559,FL-170S-XL-40,500,express,0,45.53,170gsilk,oneside,xlong
5560,FL-170S-XL-40,500,standard,2,40.93,170gsilk,oneside,xlong
5565,FL-170S-A7-44,500,express,0,22.62,170gsilk,bothsides,a7
5567,FL-170S-A7-44,500,standard,2,17.81,170gsilk,bothsides,a7
5568,FL-170S-A7-44,500,saver,4,16.06,170gsilk,bothsides,a7
5687,FL-170S-AL-40,500,express,0,34.49,170gsilk,oneside,along
5738,FL-170S-A4-44,500,standard,2,55.19,170gsilk,bothsides,a4
5783,FL-170S-A5-44,500,express,0,36.92,170gsilk,bothsides,a5
5795,FL-170S-A5-44,500,standard,2,33.84,170gsilk,bothsides,a5
5810,FL-170S-A5-44,500,saver,4,30.76,170gsilk,bothsides,a5
5841,FL-170S-A4-44,500,saver,4,50.17,170gsilk,bothsides,a4
5842,FL-170S-AL-40,500,standard,2,29.89,170gsilk,oneside,along
5852,FL-170S-US-44,500,standard,2,23.75,170gsilk,bothsides,us
5853,FL-170S-US-44,500,express,0,28.39,170gsilk,bothsides,us
5871,FL-170S-VK-44,500,saver,4,20.68,170gsilk,bothsides,carresmall
5873,FL-170S-AL-40,500,saver,4,25.29,170gsilk,oneside,along
5874,FL-170S-VK-44,500,standard,2,21.77,170gsilk,bothsides,carresmall
5875,FL-170S-VK-44,500,express,0,28.78,170gsilk,bothsides,carresmall
5882,FL-170S-US-44,500,saver,4,21.42,170gsilk,bothsides,us
5949,FL-170S-A6-40,500,saver,4,19.64,170gsilk,oneside,a6
5956,FL-170S-A7-40,500,standard,2,16.92,170gsilk,oneside,a7
5957,FL-170S-A7-40,500,saver,4,15.08,170gsilk,oneside,a7
5977,FL-170S-A6-44,500,express,0,23.95,170gsilk,bothsides,a6
5979,FL-170S-A6-44,500,standard,2,21.77,170gsilk,bothsides,a6
5983,FL-170S-VM-44,500,express,0,42.81,170gsilk,bothsides,carremedium
5984,FL-170S-VM-44,500,standard,2,32.41,170gsilk,bothsides,carremedium
5985,FL-170S-VM-44,500,saver,4,29.32,170gsilk,bothsides,carremedium
5989,FL-170S-A6-44,500,saver,4,19.64,170gsilk,bothsides,a6
5998,FL-170S-A7-40,500,express,0,18.85,170gsilk,oneside,a7
6020,FL-170S-A6-40,500,express,0,22.75,170gsilk,oneside,a6
6022,FL-170S-A6-40,500,standard,2,20.68,170gsilk,oneside,a6
6057,FL-170S-VG-40,500,standard,2,44.25,170gsilk,oneside,carrelarge
6058,FL-170S-VG-40,500,express,0,48.28,170gsilk,oneside,carrelarge
6059,FL-170S-A5-40,500,saver,4,26.83,170gsilk,oneside,a5
6068,FL-170S-VG-40,500,saver,4,39.85,170gsilk,oneside,carrelarge
6085,FL-170S-VK-40,500,saver,4,19.64,170gsilk,oneside,carresmall
6086,FL-170S-VK-40,500,standard,2,20.68,170gsilk,oneside,carresmall
6089,FL-170S-VK-40,500,express,0,23.37,170gsilk,oneside,carresmall
6091,FL-170S-VG-44,500,express,0,65.43,170gsilk,bothsides,carrelarge
6092,FL-170S-VG-44,500,standard,2,45.12,170gsilk,bothsides,carrelarge
6097,FL-170S-VG-44,500,saver,4,41.02,170gsilk,bothsides,carrelarge
6098,FL-170S-US-40,500,express,0,24.82,170gsilk,oneside,us
6099,FL-170S-US-40,500,standard,2,22.56,170gsilk,oneside,us
6100,FL-170S-US-40,500,saver,4,21.43,170gsilk,oneside,us
6107,FL-170S-A5-40,500,express,0,34.94,170gsilk,oneside,a5
6108,FL-170S-A5-40,500,standard,2,32.03,170gsilk,oneside,a5
6116,FL-170S-A4-40,500,standard,2,51.86,170gsilk,oneside,a4
6120,FL-170S-A4-40,500,saver,4,47.08,170gsilk,oneside,a4
6125,FL-170S-AL-44,500,express,0,36.33,170gsilk,bothsides,along
6126,FL-170S-AL-44,500,saver,4,27.13,170gsilk,bothsides,along
6137,FL-170S-AL-44,500,standard,2,31.73,170gsilk,bothsides,along
6164,FL-170S-A4-40,500,express,0,56.58,170gsilk,oneside,a4
6184,FL-170S-VM-40,500,express,0,35.28,170gsilk,oneside,carremedium
6211,FL-170S-VM-40,500,saver,4,25.48,170gsilk,oneside,carremedium
6216,FL-170S-VM-40,500,standard,2,30.46,170gsilk,oneside,carremedium
6232,FL-170S-XL-44,500,express,0,54.27,170gsilk,bothsides,xlong
6237,FL-170S-XL-44,500,standard,2,48.75,170gsilk,bothsides,xlong
6238,FL-170S-XL-44,500,saver,4,44.15,170gsilk,bothsides,xlong
6265,FL-170S-A4-40,1000,standard,2,67.82,170gsilk,oneside,a4
6268,FL-170S-A4-40,1000,saver,4,59.73,170gsilk,oneside,a4
6274,FL-170S-A4-40,1000,express,0,73.98,170gsilk,oneside,a4
6304,FL-170S-US-44,1000,express,0,44.76,170gsilk,bothsides,us
6307,FL-170S-US-44,1000,saver,4,26.78,170gsilk,bothsides,us
6309,FL-170S-US-44,1000,standard,2,29.69,170gsilk,bothsides,us
6310,FL-170S-A4-44,1000,express,0,76.05,170gsilk,bothsides,a4
6311,FL-170S-A5-40,1000,express,0,47.88,170gsilk,oneside,a5
6313,FL-170S-VK-40,1000,standard,2,23.5,170gsilk,oneside,carresmall
6320,FL-170S-VK-40,1000,express,0,30.81,170gsilk,oneside,carresmall
6330,FL-170S-VK-40,1000,saver,4,22.32,170gsilk,oneside,carresmall
6342,FL-170S-VM-40,1000,saver,4,40.36,170gsilk,oneside,carremedium
6343,FL-170S-VM-40,1000,standard,2,44.4,170gsilk,oneside,carremedium
6344,FL-170S-VM-40,1000,express,0,53.74,170gsilk,oneside,carremedium
6360,FL-170S-AL-44,1000,express,0,48.75,170gsilk,bothsides,along
6361,FL-170S-AL-44,1000,standard,2,37.71,170gsilk,bothsides,along
6362,FL-170S-AL-44,1000,saver,4,33.11,170gsilk,bothsides,along
6370,FL-170S-A4-44,1000,saver,4,63.38,170gsilk,bothsides,a4
6371,FL-170S-A4-44,1000,standard,2,69.71,170gsilk,bothsides,a4
6416,FL-170S-A7-40,1000,saver,4,17.86,170gsilk,oneside,a7
6433,FL-170S-A7-40,1000,express,0,23.69,170gsilk,oneside,a7
6435,FL-170S-A7-40,1000,standard,2,18.8,170gsilk,oneside,a7
6473,FL-170S-A5-40,1000,standard,2,43.89,170gsilk,oneside,a5
6474,FL-170S-A5-40,1000,saver,4,39.9,170gsilk,oneside,a5
6484,FL-170S-A6-44,1000,express,0,27.22,170gsilk,bothsides,a6
6489,FL-170S-VK-44,1000,saver,4,23.5,170gsilk,bothsides,carresmall
6490,FL-170S-VK-44,1000,standard,2,24.74,170gsilk,bothsides,carresmall
6493,FL-170S-VK-44,1000,express,0,40.64,170gsilk,bothsides,carresmall
6498,FL-170S-A6-44,1000,standard,2,24.74,170gsilk,bothsides,a6
6500,FL-170S-A6-44,1000,saver,4,22.32,170gsilk,bothsides,a6
6512,FL-170S-VM-44,1000,saver,4,41.22,170gsilk,bothsides,carremedium
6513,FL-170S-VM-44,1000,standard,2,45.34,170gsilk,bothsides,carremedium
6514,FL-170S-VM-44,1000,express,0,52.79,170gsilk,bothsides,carremedium
6530,FL-170S-A6-40,1000,saver,4,22.32,170gsilk,oneside,a6
6531,FL-170S-A6-40,1000,standard,2,23.5,170gsilk,oneside,a6
6532,FL-170S-A6-40,1000,express,0,25.85,170gsilk,oneside,a6
6588,FL-170S-XL-44,1000,express,0,79.11,170gsilk,bothsides,xlong
6589,FL-170S-XL-44,1000,standard,2,58.87,170gsilk,bothsides,xlong
6590,FL-170S-XL-44,1000,saver,4,54.27,170gsilk,bothsides,xlong
6677,FL-170S-XL-40,1000,saver,4,57.03,170gsilk,oneside,xlong
6678,FL-170S-XL-40,1000,standard,2,61.63,170gsilk,oneside,xlong
6679,FL-170S-XL-40,1000,express,0,66.23,170gsilk,oneside,xlong
6810,FL-170S-VG-44,1000,express,0,96.8,170gsilk,bothsides,carrelarge
6811,FL-170S-VG-44,1000,standard,2,55.44,170gsilk,bothsides,carrelarge
6812,FL-170S-VG-44,1000,saver,4,50.4,170gsilk,bothsides,carrelarge
6835,FL-170S-A5-44,1000,saver,4,40.83,170gsilk,bothsides,a5
6851,FL-170S-A5-44,1000,standard,2,44.91,170gsilk,bothsides,a5
6877,FL-170S-A7-44,1000,saver,4,17.85,170gsilk,bothsides,a7
6878,FL-170S-A7-44,1000,standard,2,19.79,170gsilk,bothsides,a7
6879,FL-170S-A7-44,1000,express,0,30.45,170gsilk,bothsides,a7
6888,FL-170S-A5-44,1000,express,0,49.0,170gsilk,bothsides,a5
6891,FL-170S-AL-40,1000,saver,4,36.33,170gsilk,oneside,along
6899,FL-170S-AL-40,1000,express,0,45.53,170gsilk,oneside,along
6905,FL-170S-AL-40,1000,standard,2,40.93,170gsilk,oneside,along
7013,FL-170S-VG-40,1000,standard,2,54.02,170gsilk,oneside,carrelarge
7014,FL-170S-VG-40,1000,saver,4,49.11,170gsilk,oneside,carrelarge
7015,FL-170S-VG-40,1000,express,0,76.42,170gsilk,oneside,carrelarge
7016,FL-170S-US-40,1000,standard,2,28.21,170gsilk,oneside,us
7017,FL-170S-US-40,1000,express,0,31.03,170gsilk,oneside,us
7018,FL-170S-US-40,1000,saver,4,26.8,170gsilk,oneside,us
7066,FL-170S-A5-44,2500,express,0,72.38,170gsilk,bothsides,a5
7069,FL-170S-A5-44,2500,standard,2,66.35,170gsilk,bothsides,a5
7070,FL-170S-A5-44,2500,saver,4,60.31,170gsilk,bothsides,a5
7071,FL-170S-VM-40,2500,express,1,60.97,170gsilk,oneside,carremedium
7072,FL-170S-VM-40,2500,standard,3,58.2,170gsilk,oneside,carremedium
7075,FL-170S-VM-40,2500,saver,6,55.43,170gsilk,oneside,carremedium
7109,FL-170S-A5-40,2500,express,0,70.19,170gsilk,oneside,a5
7110,FL-170S-A5-40,2500,standard,2,64.34,170gsilk,oneside,a5
7111,FL-170S-A5-40,2500,saver,4,58.49,170gsilk,oneside,a5
7125,FL-170S-US-44,2500,standard,3,45.53,170gsilk,bothsides,us
7131,FL-170S-US-44,2500,express,1,50.08,170gsilk,bothsides,us
7132,FL-170S-US-44,2500,saver,6,41.07,170gsilk,bothsides,us
7138,FL-170S-AL-40,2500,standard,2,54.27,170gsilk,oneside,along
7139,FL-170S-AL-40,2500,saver,6,49.67,170gsilk,oneside,along
7161,FL-170S-VK-40,2500,standard,2,37.61,170gsilk,oneside,carresmall
7162,FL-170S-VK-40,2500,saver,6,35.73,170gsilk,oneside,carresmall
7204,FL-170S-VK-44,2500,standard,2,39.59,170gsilk,bothsides,carresmall
7205,FL-170S-VK-44,2500,saver,6,37.61,170gsilk,bothsides,carresmall
7212,FL-170S-A4-40,2500,standard,2,126.02,170gsilk,oneside,a4
7222,FL-170S-A4-40,2500,express,0,137.48,170gsilk,oneside,a4
7232,FL-170S-A4-40,2500,saver,4,114.56,170gsilk,oneside,a4
7235,FL-170S-A7-44,2500,saver,6,24.99,170gsilk,bothsides,a7
7241,FL-170S-VM-44,2500,saver,6,57.06,170gsilk,bothsides,carremedium
7258,FL-170S-A7-44,2500,standard,2,27.71,170gsilk,bothsides,a7
7260,FL-170S-VM-44,2500,express,1,62.77,170gsilk,bothsides,carremedium
7268,FL-170S-A6-44,2500,express,0,43.55,170gsilk,bothsides,a6
7269,FL-170S-A6-44,2500,standard,2,39.59,170gsilk,bothsides,a6
7270,FL-170S-VM-44,2500,standard,3,59.92,170gsilk,bothsides,carremedium
7272,FL-170S-A6-44,2500,saver,4,35.71,170gsilk,bothsides,a6
7340,FL-170S-A4-44,2500,saver,4,118.37,170gsilk,bothsides,a4
7346,FL-170S-A4-44,2500,standard,2,130.21,170gsilk,bothsides,a4
7347,FL-170S-A4-44,2500,express,0,142.05,170gsilk,bothsides,a4
7350,FL-170S-A6-40,2500,express,0,41.37,170gsilk,oneside,a6
7351,FL-170S-A6-40,2500,standard,2,37.61,170gsilk,oneside,a6
7352,FL-170S-A6-40,2500,saver,4,35.73,170gsilk,oneside,a6
7393,FL-170S-XL-40,2500,standard,2,92.91,170gsilk,oneside,xlong
7483,FL-170S-A7-40,2500,saver,6,23.44,170gsilk,oneside,a7
7484,FL-170S-A7-40,2500,standard,2,26.32,170gsilk,oneside,a7
7487,FL-170S-AL-44,2500,standard,2,54.27,170gsilk,bothsides,along
7508,FL-170S-VG-44,2500,saver,6,87.43,170gsilk,bothsides,carrelarge
7509,FL-170S-VG-44,2500,standard,3,91.8,170gsilk,bothsides,carrelarge
7510,FL-170S-VG-44,2500,express,2,96.17,170gsilk,bothsides,carrelarge
7514,FL-170S-AL-44,2500,saver,6,49.67,170gsilk,bothsides,along
7558,FL-170S-XL-40,2500,saver,6,88.31,170gsilk,oneside,xlong
7560,FL-170S-XL-44,2500,saver,6,88.31,170gsilk,bothsides,xlong
7561,FL-170S-XL-44,2500,standard,2,92.91,170gsilk,bothsides,xlong
7579,FL-170S-US-40,2500,express,1,47.58,170gsilk,oneside,us
7617,FL-170S-VG-40,2500,saver,4,84.58,170gsilk,oneside,carrelarge
7620,FL-170S-US-40,2500,saver,6,41.09,170gsilk,oneside,us
7623,FL-170S-VG-40,2500,standard,1,88.81,170gsilk,oneside,carrelarge
7624,FL-170S-US-40,2500,standard,3,43.25,170gsilk,oneside,us
7625,FL-170S-VG-40,2500,express,2,93.04,170gsilk,oneside,carrelarge
7628,FL-170S-A6-40,5000,saver,4,44.66,170gsilk,oneside,a6
7629,FL-170S-A6-40,5000,express,0,51.72,170gsilk,oneside,a6
7630,FL-170S-A6-40,5000,standard,2,47.02,170gsilk,oneside,a6
7631,FL-170S-VG-44,5000,express,2,153.75,170gsilk,bothsides,carrelarge
7651,FL-170S-US-44,5000,saver,6,57.36,170gsilk,bothsides,us
7653,FL-170S-AL-40,5000,saver,6,78.19,170gsilk,oneside,along
7654,FL-170S-AL-40,5000,standard,2,82.79,170gsilk,oneside,along
7717,FL-170S-US-44,5000,standard,3,61.37,170gsilk,bothsides,us
7737,FL-170S-VM-40,5000,express,1,94.28,170gsilk,oneside,carremedium
7739,FL-170S-VM-40,5000,standard,3,80.59,170gsilk,oneside,carremedium
7764,FL-170S-VM-40,5000,saver,4,76.75,170gsilk,oneside,carremedium
7766,FL-170S-A4-44,5000,saver,4,187.54,170gsilk,bothsides,a4
7767,FL-170S-VG-40,5000,express,2,144.48,170gsilk,oneside,carrelarge
7768,FL-170S-A4-44,5000,standard,2,206.3,170gsilk,bothsides,a4
7769,FL-170S-XL-44,5000,standard,2,150.87,170gsilk,bothsides,xlong
7770,FL-170S-A4-44,5000,express,0,225.05,170gsilk,bothsides,a4
7773,FL-170S-XL-44,5000,saver,6,144.43,170gsilk,bothsides,xlong
7776,FL-170S-VG-40,5000,standard,3,137.6,170gsilk,oneside,carrelarge
7778,FL-170S-VG-40,5000,saver,4,132.49,170gsilk,oneside,carrelarge
7785,FL-170S-US-44,5000,express,1,74.76,170gsilk,bothsides,us
7801,FL-170S-AL-44,5000,saver,6,78.19,170gsilk,bothsides,along
7810,FL-170S-AL-44,5000,standard,2,82.79,170gsilk,bothsides,along
7910,FL-170S-A5-44,5000,express,0,109.87,170gsilk,bothsides,a5
7914,FL-170S-A5-44,5000,standard,2,100.72,170gsilk,bothsides,a5
7915,FL-170S-A5-44,5000,saver,4,91.56,170gsilk,bothsides,a5
7931,FL-170S-A6-44,5000,express,0,54.44,170gsilk,bothsides,a6
7932,FL-170S-A6-44,5000,standard,2,49.49,170gsilk,bothsides,a6
7934,FL-170S-A6-44,5000,saver,4,44.64,170gsilk,bothsides,a6
7942,FL-170S-VK-44,5000,standard,2,49.49,170gsilk,bothsides,carresmall
7943,FL-170S-VK-44,5000,saver,6,47.02,170gsilk,bothsides,carresmall
7978,FL-170S-US-40,5000,saver,6,57.39,170gsilk,oneside,us
7990,FL-170S-VM-44,5000,express,1,98.53,170gsilk,bothsides,carremedium
7991,FL-170S-VM-44,5000,standard,3,83.34,170gsilk,bothsides,carremedium
7992,FL-170S-VM-44,5000,saver,6,79.37,170gsilk,bothsides,carremedium
8001,FL-170S-A7-44,5000,saver,6,28.57,170gsilk,bothsides,a7
8002,FL-170S-A7-44,5000,standard,2,31.67,170gsilk,bothsides,a7
8003,FL-170S-US-40,5000,standard,3,58.3,170gsilk,oneside,us
8024,FL-170S-US-40,5000,express,1,69.94,170gsilk,oneside,us
8029,FL-170S-VG-44,5000,standard,3,146.76,170gsilk,bothsides,carrelarge
8031,FL-170S-A4-40,5000,standard,2,199.1,170gsilk,oneside,a4
8056,FL-170S-A7-40,5000,saver,6,27.99,170gsilk,oneside,a7
8057,FL-170S-VG-44,5000,saver,4,139.77,170gsilk,bothsides,carrelarge
8061,FL-170S-A4-40,5000,express,0,217.2,170gsilk,oneside,a4
8063,FL-170S-A4-40,5000,saver,4,181.0,170gsilk,oneside,a4
8105,FL-170S-A7-40,5000,standard,2,30.09,170gsilk,oneside,a7
8115,FL-170S-XL-40,5000,standard,2,150.87,170gsilk,oneside,xlong
8116,FL-170S-XL-40,5000,saver,6,144.43,170gsilk,oneside,xlong
8130,FL-170S-VK-40,5000,saver,6,44.66,170gsilk,oneside,carresmall
8136,FL-170S-VK-40,5000,standard,2,47.02,170gsilk,oneside,carresmall
8167,FL-170S-A5-40,5000,standard,2,97.41,170gsilk,oneside,a5
8170,FL-170S-A5-40,5000,saver,4,88.56,170gsilk,oneside,a5
8184,FL-170S-A5-40,5000,express,0,106.27,170gsilk,oneside,a5
8205,FL-170S-US-40,10000,standard,3,131.8,170gsilk,oneside,us
8222,FL-170S-VK-44,10000,standard,2,110.48,170gsilk,bothsides,carresmall
8223,FL-170S-VK-44,10000,saver,6,93.9,170gsilk,bothsides,carresmall
8227,FL-170S-US-40,10000,saver,6,125.52,170gsilk,oneside,us
8229,FL-170S-US-40,10000,express,2,138.07,170gsilk,oneside,us
8348,FL-170S-A5-44,10000,express,0,198.1,170gsilk,bothsides,a5
8349,FL-170S-A5-44,10000,standard,2,171.09,170gsilk,bothsides,a5
8350,FL-170S-A5-44,10000,saver,4,145.43,170gsilk,bothsides,a5
8382,FL-170S-A5-40,10000,express,0,181.71,170gsilk,oneside,a5
8384,FL-170S-VK-40,10000,saver,6,111.67,170gsilk,oneside,carresmall
8405,FL-170S-A5-40,10000,standard,2,156.92,170gsilk,oneside,a5
8425,FL-170S-VK-40,10000,standard,2,117.55,170gsilk,oneside,carresmall
8427,FL-170S-A5-40,10000,saver,4,151.39,170gsilk,oneside,a5
8432,FL-170S-A6-44,10000,express,0,108.77,170gsilk,bothsides,a6
8434,FL-170S-A6-44,10000,standard,2,93.94,170gsilk,bothsides,a6
8450,FL-170S-A6-44,10000,saver,4,81.86,170gsilk,bothsides,a6
8457,FL-170S-A7-44,10000,standard,2,55.5,170gsilk,bothsides,a7
8459,FL-170S-A7-44,10000,saver,6,47.18,170gsilk,bothsides,a7
8467,FL-170S-VM-44,10000,express,2,157.45,170gsilk,bothsides,carremedium
8481,FL-170S-VM-44,10000,standard,3,147.81,170gsilk,bothsides,carremedium
8496,FL-170S-XL-40,10000,saver,6,241.95,170gsilk,oneside,xlong
8498,FL-170S-XL-40,10000,standard,2,254.83,170gsilk,oneside,xlong
8518,FL-170S-VM-44,10000,saver,4,138.16,170gsilk,bothsides,carremedium
8558,FL-170S-A4-44,10000,saver,4,323.73,170gsilk,bothsides,a4
8559,FL-170S-A4-44,10000,standard,2,356.1,170gsilk,bothsides,a4
8560,FL-170S-A4-44,10000,express,0,388.47,170gsilk,bothsides,a4
8568,FL-170S-A7-40,10000,saver,6,45.24,170gsilk,oneside,a7
8570,FL-170S-VG-44,10000,express,1,263.9,170gsilk,bothsides,carrelarge
8577,FL-170S-VG-40,10000,saver,6,205.12,170gsilk,oneside,carrelarge
8581,FL-170S-VM-40,10000,express,2,149.08,170gsilk,oneside,carremedium
8582,FL-170S-VM-40,10000,standard,3,137.9,170gsilk,oneside,carremedium
8583,FL-170S-VM-40,10000,saver,4,126.72,170gsilk,oneside,carremedium
8590,FL-170S-VG-44,10000,standard,3,251.91,170gsilk,bothsides,carrelarge
8591,FL-170S-VG-44,10000,saver,6,239.91,170gsilk,bothsides,carrelarge
8595,FL-170S-VG-40,10000,express,1,221.37,170gsilk,oneside,carrelarge
8603,FL-170S-VG-40,10000,standard,3,205.25,170gsilk,oneside,carrelarge
8641,FL-170S-US-44,10000,saver,6,130.54,170gsilk,bothsides,us
8666,FL-170S-US-44,10000,standard,3,137.07,170gsilk,bothsides,us
8667,FL-170S-AL-44,10000,standard,2,140.75,170gsilk,bothsides,along
8668,FL-170S-AL-44,10000,saver,6,134.31,170gsilk,bothsides,along
8676,FL-170S-US-44,10000,express,2,143.6,170gsilk,bothsides,us
8678,FL-170S-A7-40,10000,standard,2,53.24,170gsilk,oneside,a7
8685,FL-170S-XL-44,10000,standard,2,254.83,170gsilk,bothsides,xlong
8691,FL-170S-A4-40,10000,express,0,374.32,170gsilk,oneside,a4
8692,FL-170S-A4-40,10000,standard,2,330.87,170gsilk,oneside,a4
8693,FL-170S-A4-40,10000,saver,4,281.24,170gsilk,oneside,a4
8694,FL-170S-AL-40,10000,saver,6,134.31,170gsilk,oneside,along
8696,FL-170S-AL-40,10000,standard,2,140.75,170gsilk,oneside,along
8698,FL-170S-A6-40,10000,express,0,107.17,170gsilk,oneside,a6
8712,FL-170S-XL-44,10000,saver,6,241.95,170gsilk,bothsides,xlong
8713,FL-170S-A6-40,10000,saver,4,96.71,170gsilk,oneside,a6
8717,FL-170S-A6-40,10000,standard,2,101.82,170gsilk,oneside,a6
8753,FL-170S-A7-40,15000,saver,6,63.07,170gsilk,oneside,a7
8754,FL-170S-VK-40,15000,saver,6,156.35,170gsilk,oneside,carresmall
8758,FL-170S-A6-44,15000,saver,6,126.08,170gsilk,bothsides,a6
8767,FL-170S-A6-44,15000,standard,2,138.69,170gsilk,bothsides,a6
8778,FL-170S-US-44,15000,standard,2,181.15,170gsilk,bothsides,us
8789,FL-170S-A5-40,15000,standard,2,246.31,170gsilk,oneside,a5
8795,FL-170S-A5-40,15000,saver,6,209.66,170gsilk,oneside,a5
8799,FL-170S-VK-40,15000,standard,2,164.58,170gsilk,oneside,carresmall
8800,FL-170S-VG-44,15000,saver,4,344.05,170gsilk,bothsides,carrelarge
8805,FL-170S-XL-40,15000,saver,6,346.83,170gsilk,oneside,xlong
8807,FL-170S-VG-44,15000,standard,2,388.56,170gsilk,bothsides,carrelarge
8811,FL-170S-VG-40,15000,standard,2,375.04,170gsilk,oneside,carrelarge
8813,FL-170S-US-44,15000,saver,6,164.68,170gsilk,bothsides,us
8815,FL-170S-A7-40,15000,standard,2,63.08,170gsilk,oneside,a7
8824,FL-170S-VG-40,15000,saver,4,330.54,170gsilk,oneside,carrelarge
8843,FL-170S-XL-40,15000,standard,2,364.31,170gsilk,oneside,xlong
8858,FL-170S-A5-44,15000,standard,2,247.49,170gsilk,bothsides,a5
8860,FL-170S-A5-44,15000,saver,6,210.37,170gsilk,bothsides,a5
8882,FL-170S-VM-40,15000,saver,4,180.96,170gsilk,oneside,carremedium
8883,FL-170S-VM-40,15000,standard,2,193.56,170gsilk,oneside,carremedium
8979,FL-170S-VM-44,15000,saver,4,182.4,170gsilk,bothsides,carremedium
9038,FL-170S-AL-40,15000,standard,2,195.03,170gsilk,oneside,along
9041,FL-170S-XL-44,15000,standard,2,364.31,170gsilk,bothsides,xlong
9046,FL-170S-XL-44,15000,saver,6,346.83,170gsilk,bothsides,xlong
9073,FL-170S-A6-40,15000,standard,2,133.99,170gsilk,oneside,a6
9074,FL-170S-A6-40,15000,saver,6,121.81,170gsilk,oneside,a6
9093,FL-170S-AL-40,15000,saver,6,183.99,170gsilk,oneside,along
9116,FL-170S-AL-44,15000,standard,2,195.03,170gsilk,bothsides,along
9125,FL-170S-AL-44,15000,saver,6,183.99,170gsilk,bothsides,along
9145,FL-170S-VM-44,15000,standard,2,200.64,170gsilk,bothsides,carremedium
9163,FL-170S-A7-44,15000,saver,6,63.18,170gsilk,bothsides,a7
9164,FL-170S-US-40,15000,saver,6,158.35,170gsilk,oneside,us
9165,FL-170S-VK-44,15000,saver,6,154.54,170gsilk,bothsides,carresmall
9169,FL-170S-US-40,15000,standard,2,174.18,170gsilk,oneside,us
9176,FL-170S-A4-40,15000,standard,2,494.76,170gsilk,oneside,a4
9187,FL-170S-VK-44,15000,standard,2,173.24,170gsilk,bothsides,carresmall
9189,FL-170S-A7-44,15000,standard,2,73.14,170gsilk,bothsides,a7
9200,FL-170S-A4-40,15000,saver,4,426.35,170gsilk,oneside,a4
9203,FL-170S-A4-44,15000,standard,2,525.94,170gsilk,bothsides,a4
9204,FL-170S-A4-44,15000,saver,4,457.53,170gsilk,bothsides,a4
9217,FL-170S-VK-40,20000,standard,2,211.6,170gsilk,oneside,carresmall
9219,FL-170S-VG-40,20000,saver,4,416.44,170gsilk,oneside,carrelarge
9221,FL-170S-A5-40,20000,saver,6,281.99,170gsilk,oneside,a5
9226,FL-170S-VK-40,20000,saver,6,201.02,170gsilk,oneside,carresmall
9233,FL-170S-VG-40,20000,standard,2,494.27,170gsilk,oneside,carrelarge
9234,FL-170S-A5-40,20000,standard,2,327.06,170gsilk,oneside,a5
9248,FL-170S-A7-44,20000,saver,6,79.36,170gsilk,bothsides,a7
9249,FL-170S-A7-44,20000,standard,2,91.01,170gsilk,bothsides,a7
9292,FL-170S-US-40,20000,standard,2,223.82,170gsilk,oneside,us
9314,FL-170S-US-40,20000,saver,6,203.47,170gsilk,oneside,us
9328,FL-170S-XL-44,20000,standard,2,455.39,170gsilk,bothsides,xlong
9333,FL-170S-XL-44,20000,saver,4,433.31,170gsilk,bothsides,xlong
9389,FL-170S-VK-44,20000,saver,6,177.14,170gsilk,bothsides,carresmall
9402,FL-170S-VK-44,20000,standard,2,208.38,170gsilk,bothsides,carresmall
9443,FL-170S-A6-40,20000,saver,6,161.49,170gsilk,oneside,a6
9444,FL-170S-AL-40,20000,standard,2,195.95,170gsilk,oneside,along
9445,FL-170S-A6-40,20000,standard,2,177.64,170gsilk,oneside,a6
9446,FL-170S-AL-40,20000,saver,6,184.91,170gsilk,oneside,along
9473,FL-170S-AL-44,20000,standard,2,195.95,170gsilk,bothsides,along
9475,FL-170S-A7-40,20000,standard,2,83.71,170gsilk,oneside,a7
9477,FL-170S-A7-40,20000,saver,6,79.13,170gsilk,oneside,a7
9486,FL-170S-AL-44,20000,saver,6,184.91,170gsilk,bothsides,along
9487,FL-170S-A4-44,20000,saver,4,593.23,170gsilk,bothsides,a4
9501,FL-170S-A4-40,20000,standard,2,642.56,170gsilk,oneside,a4
9502,FL-170S-A4-40,20000,saver,4,560.43,170gsilk,oneside,a4
9504,FL-170S-A4-44,20000,standard,2,667.43,170gsilk,bothsides,a4
9533,FL-170S-VM-40,20000,standard,2,247.64,170gsilk,oneside,carremedium
9534,FL-170S-VM-40,20000,saver,4,235.13,170gsilk,oneside,carremedium
9535,FL-170S-VG-44,20000,standard,2,529.71,170gsilk,bothsides,carrelarge
9536,FL-170S-US-44,20000,saver,6,211.61,170gsilk,bothsides,us
9537,FL-170S-US-44,20000,standard,2,232.77,170gsilk,bothsides,us
9538,FL-170S-A5-44,20000,standard,2,336.28,170gsilk,bothsides,a5
9539,FL-170S-A6-44,20000,standard,2,177.19,170gsilk,bothsides,a6
9547,FL-170S-A6-44,20000,saver,6,151.62,170gsilk,bothsides,a6
9549,FL-170S-A5-44,20000,saver,6,290.71,170gsilk,bothsides,a5
9600,FL-170S-XL-40,20000,saver,4,433.31,170gsilk,oneside,xlong
9639,FL-170S-VG-44,20000,saver,4,452.47,170gsilk,bothsides,carrelarge
9651,FL-170S-XL-40,20000,standard,2,455.39,170gsilk,oneside,xlong
9659,FL-170S-VM-44,20000,standard,2,256.95,170gsilk,bothsides,carremedium
9661,FL-170S-VM-44,20000,saver,4,234.59,170gsilk,bothsides,carremedium
9664,FL-170S-VG-44,25000,standard,2,641.83,170gsilk,bothsides,carrelarge
9665,FL-170S-VG-44,25000,saver,6,565.38,170gsilk,bothsides,carrelarge
9713,FL-170S-A6-44,25000,saver,6,201.97,170gsilk,bothsides,a6
9714,FL-170S-A6-44,25000,standard,2,223.36,170gsilk,bothsides,a6
9731,FL-170S-VK-44,25000,saver,6,237.52,170gsilk,bothsides,carresmall
9736,FL-170S-VK-44,25000,standard,2,272.24,170gsilk,bothsides,carresmall
9745,FL-170S-VM-44,25000,standard,2,330.07,170gsilk,bothsides,carremedium
9761,FL-170S-VM-44,25000,saver,6,291.64,170gsilk,bothsides,carremedium
9785,FL-170S-XL-44,25000,saver,6,508.75,170gsilk,bothsides,xlong
9786,FL-170S-XL-44,25000,standard,2,543.71,170gsilk,bothsides,xlong
9799,FL-170S-A6-40,25000,saver,6,196.02,170gsilk,oneside,a6
9800,FL-170S-A6-40,25000,standard,2,215.63,170gsilk,oneside,a6
9801,FL-170S-XL-40,25000,standard,2,543.71,170gsilk,oneside,xlong
9802,FL-170S-XL-40,25000,saver,6,508.75,170gsilk,oneside,xlong
9847,FL-170S-VG-40,25000,saver,6,525.09,170gsilk,oneside,carrelarge
9851,FL-170S-VK-40,25000,standard,2,258.63,170gsilk,oneside,carresmall
9869,FL-170S-VM-40,25000,saver,6,281.07,170gsilk,oneside,carremedium
9871,FL-170S-VK-40,25000,saver,6,245.7,170gsilk,oneside,carresmall
9921,FL-170S-AL-40,25000,saver,6,199.63,170gsilk,oneside,along
9946,FL-170S-US-40,25000,saver,6,252.37,170gsilk,oneside,us
9948,FL-170S-US-40,25000,standard,2,277.61,170gsilk,oneside,us
9967,FL-170S-A7-44,25000,saver,6,97.49,170gsilk,bothsides,a7
9968,FL-170S-A7-44,25000,standard,2,114.7,170gsilk,bothsides,a7
9989,FL-170S-A4-40,25000,saver,6,711.02,170gsilk,oneside,a4
9990,FL-170S-A4-40,25000,standard,2,798.6,170gsilk,oneside,a4
9992,FL-170S-VM-40,25000,standard,2,319.5,170gsilk,oneside,carremedium
9995,FL-170S-A4-44,25000,saver,6,742.2,170gsilk,bothsides,a4
10009,FL-170S-VG-40,25000,standard,2,612.66,170gsilk,oneside,carrelarge
10015,FL-170S-A7-40,25000,saver,6,89.57,170gsilk,oneside,a7
10024,FL-170S-US-44,25000,saver,6,262.46,170gsilk,bothsides,us
10026,FL-170S-US-44,25000,standard,2,288.71,170gsilk,bothsides,us
10035,FL-170S-A5-44,25000,saver,6,356.08,170gsilk,bothsides,a5
10042,FL-170S-A5-44,25000,standard,2,417.4,170gsilk,bothsides,a5
10043,FL-170S-AL-40,25000,standard,2,209.75,170gsilk,oneside,along
10069,FL-170S-A7-40,25000,standard,2,104.2,170gsilk,oneside,a7
10091,FL-170S-A5-40,25000,saver,6,355.86,170gsilk,oneside,a5
10092,FL-170S-A5-40,25000,standard,2,406.46,170gsilk,oneside,a5
10097,FL-170S-AL-44,25000,saver,6,199.63,170gsilk,bothsides,along
10098,FL-170S-AL-44,25000,standard,2,209.75,170gsilk,bothsides,along
10099,FL-170S-A4-44,25000,standard,2,829.66,170gsilk,bothsides,a4
10126,FL-170S-VM-44,30000,standard,2,386.95,170gsilk,bothsides,carremedium
10130,FL-170S-A5-44,30000,standard,2,498.48,170gsilk,bothsides,a5
10139,FL-170S-VM-40,30000,standard,2,374.43,170gsilk,oneside,carremedium
10147,FL-170S-A6-44,30000,saver,6,226.62,170gsilk,bothsides,a6
10153,FL-170S-A6-44,30000,standard,2,266.62,170gsilk,bothsides,a6
10161,FL-170S-VM-44,30000,saver,6,345.6,170gsilk,bothsides,carremedium
10164,FL-170S-US-44,30000,standard,2,343.57,170gsilk,bothsides,us
10173,FL-170S-VG-44,30000,saver,6,673.79,170gsilk,bothsides,carrelarge
10174,FL-170S-VG-44,30000,standard,2,778.31,170gsilk,bothsides,carrelarge
10179,FL-170S-VM-40,30000,saver,6,333.08,170gsilk,oneside,carremedium
10180,FL-170S-US-44,30000,saver,6,312.33,170gsilk,bothsides,us
10183,FL-170S-AL-44,30000,standard,2,243.98,170gsilk,bothsides,along
10184,FL-170S-AL-44,30000,saver,6,231.66,170gsilk,bothsides,along
10204,FL-170S-A4-44,30000,saver,6,889.61,170gsilk,bothsides,a4
10207,FL-170S-A4-44,30000,standard,2,992.11,170gsilk,bothsides,a4
10220,FL-170S-A6-40,30000,standard,2,257.69,170gsilk,oneside,a6
10221,FL-170S-A6-40,30000,saver,6,234.27,170gsilk,oneside,a6
10273,FL-170S-VK-44,30000,standard,2,313.54,170gsilk,bothsides,carresmall
10274,FL-170S-VK-44,30000,saver,6,266.5,170gsilk,bothsides,carresmall
10333,FL-170S-VK-40,30000,standard,2,305.65,170gsilk,oneside,carresmall
10336,FL-170S-VK-40,30000,saver,6,290.37,170gsilk,oneside,carresmall
10339,FL-170S-AL-40,30000,saver,6,231.66,170gsilk,oneside,along
10343,FL-170S-AL-40,30000,standard,2,243.98,170gsilk,oneside,along
10383,FL-170S-XL-40,30000,standard,2,649.51,170gsilk,oneside,xlong
10384,FL-170S-XL-40,30000,saver,6,610.87,170gsilk,oneside,xlong
10398,FL-170S-US-40,30000,standard,2,330.35,170gsilk,oneside,us
10399,FL-170S-A7-44,30000,saver,6,125.52,170gsilk,bothsides,a7
10400,FL-170S-US-40,30000,saver,6,300.32,170gsilk,oneside,us
10406,FL-170S-A7-44,30000,standard,2,147.69,170gsilk,bothsides,a7
10431,FL-170S-A5-40,30000,saver,6,431.1,170gsilk,oneside,a5
10433,FL-170S-VG-40,30000,saver,6,627.15,170gsilk,oneside,carrelarge
10434,FL-170S-VG-40,30000,standard,2,732.17,170gsilk,oneside,carrelarge
10451,FL-170S-XL-44,30000,saver,6,610.87,170gsilk,bothsides,xlong
10454,FL-170S-A5-40,30000,standard,2,489.09,170gsilk,oneside,a5
10482,FL-170S-XL-44,30000,standard,2,649.51,170gsilk,bothsides,xlong
10521,FL-170S-A4-40,30000,standard,2,957.64,170gsilk,oneside,a4
10530,FL-170S-A4-40,30000,saver,6,868.04,170gsilk,oneside,a4
10538,FL-170S-A7-40,30000,standard,2,128.64,170gsilk,oneside,a7
10539,FL-170S-A7-40,30000,saver,6,110.34,170gsilk,oneside,a7
10558,FL-170S-A5-44,30000,saver,6,441.32,170gsilk,bothsides,a5
10579,FL-170S-US-44,35000,standard,2,389.16,170gsilk,bothsides,us
10580,FL-170S-US-44,35000,saver,6,353.78,170gsilk,bothsides,us
10623,FL-170S-A6-40,35000,saver,6,267.57,170gsilk,oneside,a6
10624,FL-170S-A6-40,35000,standard,2,294.33,170gsilk,oneside,a6
10648,FL-170S-A7-40,35000,standard,2,150.01,170gsilk,oneside,a7
10649,FL-170S-A7-40,35000,saver,6,127.5,170gsilk,oneside,a7
10655,FL-170S-VG-44,35000,saver,6,786.71,170gsilk,bothsides,carrelarge
10658,FL-170S-XL-40,35000,standard,2,754.39,170gsilk,oneside,xlong
10671,FL-170S-AL-40,35000,saver,6,264.66,170gsilk,oneside,along
10679,FL-170S-AL-40,35000,standard,2,277.98,170gsilk,oneside,along
10711,FL-170S-XL-40,35000,saver,6,706.55,170gsilk,oneside,xlong
10719,FL-170S-A4-44,35000,saver,6,1038.31,170gsilk,bothsides,a4
10720,FL-170S-A4-44,35000,standard,2,1154.35,170gsilk,bothsides,a4
10727,FL-170S-VG-44,35000,standard,2,902.62,170gsilk,bothsides,carrelarge
10732,FL-170S-A5-40,35000,standard,2,559.15,170gsilk,oneside,a5
10735,FL-170S-A5-40,35000,saver,6,482.09,170gsilk,oneside,a5
10738,FL-170S-AL-44,35000,standard,2,277.98,170gsilk,bothsides,along
10741,FL-170S-AL-44,35000,saver,6,264.66,170gsilk,bothsides,along
10758,FL-170S-VK-40,35000,saver,6,335.05,170gsilk,oneside,carresmall
10761,FL-170S-VK-40,35000,standard,2,352.68,170gsilk,oneside,carresmall
10762,FL-170S-A4-40,35000,saver,6,1009.9,170gsilk,oneside,a4
10770,FL-170S-VM-40,35000,standard,2,438.22,170gsilk,oneside,carremedium
10773,FL-170S-VM-40,35000,saver,6,388.35,170gsilk,oneside,carremedium
10775,FL-170S-A4-40,35000,standard,2,1112.85,170gsilk,oneside,a4
10783,FL-170S-A7-44,35000,saver,6,139.3,170gsilk,bothsides,a7
10784,FL-170S-A7-44,35000,standard,2,163.88,170gsilk,bothsides,a7
10788,FL-170S-VK-44,35000,standard,2,359.12,170gsilk,bothsides,carresmall
10794,FL-170S-VK-44,35000,saver,6,305.26,170gsilk,bothsides,carresmall
10863,FL-170S-A5-44,35000,standard,2,579.33,170gsilk,bothsides,a5
10884,FL-170S-A5-44,35000,saver,6,505.68,170gsilk,bothsides,a5
10893,FL-170S-US-40,35000,saver,6,343.47,170gsilk,oneside,us
10894,FL-170S-VM-44,35000,saver,6,402.95,170gsilk,bothsides,carremedium
10895,FL-170S-US-40,35000,standard,2,377.82,170gsilk,oneside,us
10896,FL-170S-VM-44,35000,standard,2,452.82,170gsilk,bothsides,carremedium
10911,FL-170S-A6-44,35000,standard,2,304.98,170gsilk,bothsides,a6
10926,FL-170S-A6-44,35000,saver,6,259.58,170gsilk,bothsides,a6
10935,FL-170S-VG-40,35000,standard,2,845.24,170gsilk,oneside,carrelarge
10944,FL-170S-VG-40,35000,saver,6,729.33,170gsilk,oneside,carrelarge
10996,FL-170S-XL-44,35000,saver,6,706.55,170gsilk,bothsides,xlong
10999,FL-170S-XL-44,35000,standard,2,754.39,170gsilk,bothsides,xlong
11046,FL-170S-A4-40,40000,saver,6,1151.58,170gsilk,oneside,a4
11057,FL-170S-VG-40,40000,standard,2,964.35,170gsilk,oneside,carrelarge
11069,FL-170S-A5-40,40000,standard,2,627.63,170gsilk,oneside,a5
11076,FL-170S-A4-40,40000,standard,2,1357.22,170gsilk,oneside,a4
11091,FL-170S-A5-40,40000,saver,6,533.49,170gsilk,oneside,a5
11092,FL-170S-VG-40,40000,saver,6,766.54,170gsilk,oneside,carrelarge
11113,FL-170S-A7-44,40000,standard,2,188.13,170gsilk,bothsides,a7
11114,FL-170S-A7-44,40000,saver,6,159.91,170gsilk,bothsides,a7
11115,FL-170S-VK-40,40000,standard,2,399.7,170gsilk,oneside,carresmall
11116,FL-170S-VK-40,40000,saver,6,379.71,170gsilk,oneside,carresmall
11117,FL-170S-XL-44,40000,saver,6,800.39,170gsilk,bothsides,xlong
11118,FL-170S-XL-44,40000,standard,2,856.51,170gsilk,bothsides,xlong
11164,FL-170S-XL-40,40000,saver,6,800.39,170gsilk,oneside,xlong
11187,FL-170S-XL-40,40000,standard,2,856.51,170gsilk,oneside,xlong
11192,FL-170S-US-40,40000,standard,2,429.11,170gsilk,oneside,us
11201,FL-170S-US-40,40000,saver,6,390.1,170gsilk,oneside,us
11209,FL-170S-AL-40,40000,saver,6,303.66,170gsilk,oneside,along
11213,FL-170S-AL-40,40000,standard,2,318.98,170gsilk,oneside,along
11218,FL-170S-A7-40,40000,saver,6,139.92,170gsilk,oneside,a7
11225,FL-170S-A4-44,40000,saver,6,1186.06,170gsilk,bothsides,a4
11238,FL-170S-AL-44,40000,saver,6,303.66,170gsilk,bothsides,along
11241,FL-170S-AL-44,40000,standard,2,318.98,170gsilk,bothsides,along
11250,FL-170S-A4-44,40000,standard,2,1391.7,170gsilk,bothsides,a4
11262,FL-170S-VK-44,40000,saver,6,343.26,170gsilk,bothsides,carresmall
11269,FL-170S-VM-44,40000,standard,2,535.08,170gsilk,bothsides,carremedium
11271,FL-170S-VK-44,40000,standard,2,403.82,170gsilk,bothsides,carresmall
11293,FL-170S-A6-40,40000,saver,6,304.76,170gsilk,oneside,a6
11294,FL-170S-A6-40,40000,standard,2,335.24,170gsilk,oneside,a6
11327,FL-170S-VM-44,40000,saver,6,450.24,170gsilk,bothsides,carremedium
11374,FL-170S-VG-44,40000,saver,6,895.12,170gsilk,bothsides,carrelarge
11375,FL-170S-VG-44,40000,standard,2,1092.93,170gsilk,bothsides,carrelarge
11388,FL-170S-VM-40,40000,saver,6,433.76,170gsilk,oneside,carremedium
11390,FL-170S-VM-40,40000,standard,2,524.6,170gsilk,oneside,carremedium
11411,FL-170S-A7-40,40000,standard,2,163.45,170gsilk,oneside,a7
11418,FL-170S-US-44,40000,saver,6,401.81,170gsilk,bothsides,us
11419,FL-170S-US-44,40000,standard,2,441.99,170gsilk,bothsides,us
11440,FL-170S-A6-44,40000,saver,6,291.89,170gsilk,bothsides,a6
11442,FL-170S-A6-44,40000,standard,2,343.39,170gsilk,bothsides,a6
11450,FL-170S-A5-44,40000,saver,6,571.1,170gsilk,bothsides,a5
11451,FL-170S-A5-44,40000,standard,2,660.45,170gsilk,bothsides,a5
11511,FL-170S-US-44,45000,standard,2,494.59,170gsilk,bothsides,us
11512,FL-170S-US-44,45000,saver,6,449.63,170gsilk,bothsides,us
11583,FL-170S-A6-44,45000,saver,6,320.87,170gsilk,bothsides,a6
11584,FL-170S-A6-44,45000,standard,2,377.49,170gsilk,bothsides,a6
11601,FL-170S-VK-40,45000,standard,2,446.73,170gsilk,oneside,carresmall
11602,FL-170S-VK-40,45000,saver,6,424.39,170gsilk,oneside,carresmall
11632,FL-170S-A5-40,45000,standard,2,703.4,170gsilk,oneside,a5
11637,FL-170S-A5-40,45000,saver,6,597.9,170gsilk,oneside,a5
11653,FL-170S-VG-40,45000,saver,6,860.22,170gsilk,oneside,carrelarge
11661,FL-170S-VM-44,45000,saver,6,500.94,170gsilk,bothsides,carremedium
11663,FL-170S-VM-44,45000,standard,2,598.78,170gsilk,bothsides,carremedium
11671,FL-170S-A7-44,45000,standard,2,214.22,170gsilk,bothsides,a7
11683,FL-170S-US-40,45000,saver,6,436.53,170gsilk,oneside,us
11684,FL-170S-US-40,45000,standard,2,480.18,170gsilk,oneside,us
11685,FL-170S-VG-40,45000,standard,2,1083.09,170gsilk,oneside,carrelarge
11688,FL-170S-A7-44,45000,saver,6,182.09,170gsilk,bothsides,a7
11713,FL-170S-A6-40,45000,standard,2,371.03,170gsilk,oneside,a6
11714,FL-170S-A6-40,45000,saver,6,337.3,170gsilk,oneside,a6
11723,FL-170S-AL-40,45000,standard,2,358.98,170gsilk,oneside,along
11728,FL-170S-AL-40,45000,saver,6,341.66,170gsilk,oneside,along
11731,FL-170S-VG-44,45000,saver,6,1008.04,170gsilk,bothsides,carrelarge
11737,FL-170S-A5-44,45000,standard,2,741.52,170gsilk,bothsides,a5
11738,FL-170S-A5-44,45000,saver,6,649.99,170gsilk,bothsides,a5
11752,FL-170S-A7-40,45000,saver,6,168.17,170gsilk,oneside,a7
11761,FL-170S-XL-40,45000,saver,6,902.51,170gsilk,oneside,xlong
11762,FL-170S-XL-40,45000,standard,2,962.31,170gsilk,oneside,xlong
11764,FL-170S-A7-40,45000,standard,2,197.84,170gsilk,oneside,a7
11772,FL-170S-VG-44,45000,standard,2,1230.91,170gsilk,bothsides,carrelarge
11791,FL-170S-VM-40,45000,standard,2,580.47,170gsilk,oneside,carremedium
11794,FL-170S-A4-40,45000,saver,6,1298.27,170gsilk,oneside,a4
11797,FL-170S-A4-40,45000,standard,2,1529.46,170gsilk,oneside,a4
11810,FL-170S-AL-44,45000,standard,2,358.98,170gsilk,bothsides,along
11811,FL-170S-AL-44,45000,saver,6,341.66,170gsilk,bothsides,along
11842,FL-170S-VM-40,45000,saver,6,482.63,170gsilk,oneside,carremedium
11851,FL-170S-VK-44,45000,standard,2,443.93,170gsilk,bothsides,carresmall
11854,FL-170S-VK-44,45000,saver,6,377.34,170gsilk,bothsides,carresmall
11857,FL-170S-A4-44,45000,saver,6,1333.52,170gsilk,bothsides,a4
11858,FL-170S-A4-44,45000,standard,2,1564.71,170gsilk,bothsides,a4
11872,FL-170S-XL-44,45000,standard,2,962.31,170gsilk,bothsides,xlong
11874,FL-170S-XL-44,45000,saver,6,902.51,170gsilk,bothsides,xlong
11930,FL-170S-VM-44,50000,saver,6,557.12,170gsilk,bothsides,carremedium
11931,FL-170S-VM-44,50000,standard,2,667.51,170gsilk,bothsides,carremedium
11944,FL-170S-VK-44,50000,saver,6,417.6,170gsilk,bothsides,carresmall
11945,FL-170S-VK-44,50000,standard,2,491.29,170gsilk,bothsides,carresmall
11994,FL-170S-XL-44,50000,standard,2,1065.35,170gsilk,bothsides,xlong
11995,FL-170S-XL-44,50000,saver,6,997.27,170gsilk,bothsides,xlong
11996,FL-170S-VG-44,50000,saver,6,1116.45,170gsilk,bothsides,carrelarge
11997,FL-170S-VG-44,50000,standard,2,1364.37,170gsilk,bothsides,carrelarge
12062,FL-170S-XL-40,50000,standard,2,1065.35,170gsilk,oneside,xlong
12063,FL-170S-XL-40,50000,saver,6,997.27,170gsilk,oneside,xlong
12088,FL-170S-A7-44,50000,saver,6,197.1,170gsilk,bothsides,a7
12091,FL-170S-A7-44,50000,standard,2,231.89,170gsilk,bothsides,a7
12096,FL-170S-VG-40,50000,standard,2,1201.81,170gsilk,oneside,carrelarge
12097,FL-170S-VG-40,50000,saver,6,953.89,170gsilk,oneside,carrelarge
12104,FL-170S-US-40,50000,saver,6,482.06,170gsilk,oneside,us
12105,FL-170S-US-40,50000,standard,2,530.26,170gsilk,oneside,us
12148,FL-170S-A5-40,50000,standard,2,778.71,170gsilk,oneside,a5
12149,FL-170S-A5-40,50000,saver,6,661.91,170gsilk,oneside,a5
12161,FL-170S-AL-40,50000,saver,6,375.66,170gsilk,oneside,along
12164,FL-170S-AL-40,50000,standard,2,394.98,170gsilk,oneside,along
12180,FL-170S-A4-40,50000,standard,2,1698.37,170gsilk,oneside,a4
12181,FL-170S-A4-40,50000,saver,6,1440.13,170gsilk,oneside,a4
12186,FL-170S-A5-44,50000,standard,2,825.56,170gsilk,bothsides,a5
12211,FL-170S-VK-40,50000,standard,2,493.75,170gsilk,oneside,carresmall
12213,FL-170S-VK-40,50000,saver,6,469.06,170gsilk,oneside,carresmall
12217,FL-170S-A4-44,50000,saver,6,1481.52,170gsilk,bothsides,a4
12220,FL-170S-A4-44,50000,standard,2,1739.76,170gsilk,bothsides,a4
12221,FL-170S-A5-44,50000,saver,6,728.18,170gsilk,bothsides,a5
12239,FL-170S-A6-44,50000,standard,2,417.76,170gsilk,bothsides,a6
12240,FL-170S-A6-44,50000,saver,6,355.1,170gsilk,bothsides,a6
12260,FL-170S-AL-44,50000,saver,6,375.66,170gsilk,bothsides,along
12261,FL-170S-AL-44,50000,standard,2,394.98,170gsilk,bothsides,along
12282,FL-170S-VM-40,50000,saver,6,536.77,170gsilk,oneside,carremedium
12284,FL-170S-VM-40,50000,standard,2,647.16,170gsilk,oneside,carremedium
12324,FL-170S-US-44,50000,standard,2,546.17,170gsilk,bothsides,us
12327,FL-170S-US-44,50000,saver,6,496.52,170gsilk,bothsides,us
12328,FL-170S-A7-40,50000,saver,6,182.76,170gsilk,oneside,a7
12330,FL-170S-A7-40,50000,standard,2,215.01,170gsilk,oneside,a7
12346,FL-170S-A6-40,50000,saver,6,373.87,170gsilk,oneside,a6
12353,FL-170S-A6-40,50000,standard,2,411.26,170gsilk,oneside,a6
12361,FL-170S-A4-44,55000,standard,2,1918.03,170gsilk,bothsides,a4
12362,FL-170S-VM-40,55000,standard,2,814.98,170gsilk,oneside,carremedium
12363,FL-170S-VM-40,55000,saver,6,692.02,170gsilk,oneside,carremedium
12372,FL-170S-A4-44,55000,saver,6,1630.33,170gsilk,bothsides,a4
12396,FL-170S-A4-40,55000,standard,2,1880.61,170gsilk,oneside,a4
12397,FL-170S-A4-40,55000,saver,6,1596.83,170gsilk,oneside,a4
12435,FL-170S-A7-40,55000,saver,6,201.37,170gsilk,oneside,a7
12436,FL-170S-A7-40,55000,standard,2,236.92,170gsilk,oneside,a7
12482,FL-170S-AL-44,55000,standard,2,434.98,170gsilk,bothsides,along
12483,FL-170S-AL-44,55000,saver,6,413.66,170gsilk,bothsides,along
12497,FL-170S-A5-40,55000,standard,2,857.01,170gsilk,oneside,a5
12498,FL-170S-A5-40,55000,saver,6,728.45,170gsilk,oneside,a5
12506,FL-170S-A7-44,55000,saver,6,214.66,170gsilk,bothsides,a7
12508,FL-170S-VK-40,55000,saver,6,497.94,170gsilk,oneside,carresmall
12509,FL-170S-XL-44,55000,saver,6,1091.11,170gsilk,bothsides,xlong
12510,FL-170S-XL-44,55000,standard,2,1168.39,170gsilk,bothsides,xlong
12512,FL-170S-VK-40,55000,standard,2,524.13,170gsilk,oneside,carresmall
12514,FL-170S-VG-40,55000,saver,6,1046.08,170gsilk,oneside,carrelarge
12517,FL-170S-VG-40,55000,standard,2,1320.76,170gsilk,oneside,carrelarge
12520,FL-170S-A7-44,55000,standard,2,252.55,170gsilk,bothsides,a7
12545,FL-170S-US-40,55000,standard,2,663.04,170gsilk,oneside,us
12546,FL-170S-US-40,55000,saver,6,629.89,170gsilk,oneside,us
12560,FL-170S-XL-40,55000,saver,6,1091.11,170gsilk,oneside,xlong
12562,FL-170S-XL-40,55000,standard,2,1168.39,170gsilk,oneside,xlong
12579,FL-170S-AL-40,55000,saver,6,413.66,170gsilk,oneside,along
12583,FL-170S-A6-40,55000,saver,6,423.41,170gsilk,oneside,a6
12584,FL-170S-A6-40,55000,standard,2,445.69,170gsilk,oneside,a6
12585,FL-170S-VG-44,55000,saver,6,1548.81,170gsilk,bothsides,carrelarge
12597,FL-170S-A6-44,55000,standard,2,458.92,170gsilk,bothsides,a6
12598,FL-170S-AL-40,55000,standard,2,434.98,170gsilk,oneside,along
12599,FL-170S-A6-44,55000,saver,6,390.09,170gsilk,bothsides,a6
12609,FL-170S-VG-44,55000,standard,2,1823.3,170gsilk,bothsides,carrelarge
12613,FL-170S-VM-44,55000,standard,2,895.28,170gsilk,bothsides,carremedium
12638,FL-170S-US-44,55000,standard,2,697.94,170gsilk,bothsides,us
12641,FL-170S-US-44,55000,saver,6,663.04,170gsilk,bothsides,us
12644,FL-170S-VM-44,55000,saver,6,760.99,170gsilk,bothsides,carremedium
12663,FL-170S-A5-44,55000,standard,2,942.4,170gsilk,bothsides,a5
12665,FL-170S-A5-44,55000,saver,6,801.04,170gsilk,bothsides,a5
12751,FL-170S-VK-44,55000,standard,2,539.69,170gsilk,bothsides,carresmall
12757,FL-170S-VK-44,55000,saver,6,458.75,170gsilk,bothsides,carresmall
12771,FL-170S-A6-40,60000,standard,2,535.41,170gsilk,oneside,a6
12772,FL-170S-A6-40,60000,saver,6,508.64,170gsilk,oneside,a6
12804,FL-170S-AL-44,60000,standard,2,475.98,170gsilk,bothsides,along
12805,FL-170S-AL-44,60000,saver,6,452.66,170gsilk,bothsides,along
12815,FL-170S-US-44,60000,standard,2,762.29,170gsilk,bothsides,us
12819,FL-170S-US-44,60000,saver,6,724.18,170gsilk,bothsides,us
12824,FL-170S-AL-40,60000,standard,2,475.98,170gsilk,oneside,along
12825,FL-170S-AL-40,60000,saver,6,452.66,170gsilk,oneside,along
12827,FL-170S-A7-40,60000,standard,2,257.59,170gsilk,oneside,a7
12829,FL-170S-A7-40,60000,saver,6,218.93,170gsilk,oneside,a7
12853,FL-170S-A4-40,60000,saver,6,1741.53,170gsilk,oneside,a4
12854,FL-170S-A4-40,60000,standard,2,2050.85,170gsilk,oneside,a4
12870,FL-170S-A6-44,60000,saver,6,425.49,170gsilk,bothsides,a6
12871,FL-170S-A6-44,60000,standard,2,500.58,170gsilk,bothsides,a6
12874,FL-170S-A4-44,60000,standard,2,2091.46,170gsilk,bothsides,a4
12875,FL-170S-A4-44,60000,saver,6,1777.74,170gsilk,bothsides,a4
12886,FL-170S-VM-40,60000,saver,6,753.81,170gsilk,oneside,carremedium
12889,FL-170S-VM-40,60000,standard,2,886.84,170gsilk,oneside,carremedium
12927,FL-170S-A5-44,60000,standard,2,1028.24,170gsilk,bothsides,a5
12928,FL-170S-A5-44,60000,saver,6,874.01,170gsilk,bothsides,a5
12957,FL-170S-A5-40,60000,standard,2,933.52,170gsilk,oneside,a5
12958,FL-170S-A5-40,60000,saver,6,793.49,170gsilk,oneside,a5
12968,FL-170S-VK-40,60000,standard,2,587.8,170gsilk,oneside,carresmall
12969,FL-170S-VK-40,60000,saver,6,558.41,170gsilk,oneside,carresmall
12997,FL-170S-VG-40,60000,saver,6,1140.27,170gsilk,oneside,carrelarge
13005,FL-170S-A7-44,60000,standard,2,276.53,170gsilk,bothsides,a7
13034,FL-170S-VG-44,60000,standard,2,1988.4,170gsilk,bothsides,carrelarge
13065,FL-170S-US-40,60000,saver,6,687.96,170gsilk,oneside,us
13066,FL-170S-US-40,60000,standard,2,724.18,170gsilk,oneside,us
13097,FL-170S-XL-40,60000,saver,6,1191.39,170gsilk,oneside,xlong
13104,FL-170S-XL-44,60000,standard,2,1272.35,170gsilk,bothsides,xlong
13105,FL-170S-XL-40,60000,standard,2,1272.35,170gsilk,oneside,xlong
13106,FL-170S-XL-44,60000,saver,6,1191.39,170gsilk,bothsides,xlong
13145,FL-170S-A7-44,60000,saver,6,235.05,170gsilk,bothsides,a7
13146,FL-170S-VG-40,60000,standard,2,1439.97,170gsilk,oneside,carrelarge
13184,FL-170S-VM-44,60000,standard,2,976.82,170gsilk,bothsides,carremedium
13188,FL-170S-VM-44,60000,saver,6,830.31,170gsilk,bothsides,carremedium
13192,FL-170S-VG-44,60000,saver,6,1688.85,170gsilk,bothsides,carrelarge
13210,FL-170S-VK-44,60000,standard,2,588.69,170gsilk,bothsides,carresmall
13213,FL-170S-VK-44,60000,saver,6,500.38,170gsilk,bothsides,carresmall
13217,FL-170S-A6-44,65000,standard,2,543.11,170gsilk,bothsides,a6
13221,FL-170S-VG-44,65000,standard,2,2153.32,170gsilk,bothsides,carrelarge
13222,FL-170S-VG-44,65000,saver,6,1830.32,170gsilk,bothsides,carrelarge
13223,FL-170S-VK-40,65000,standard,2,634.83,170gsilk,oneside,carresmall
13224,FL-170S-VK-40,65000,saver,6,603.09,170gsilk,oneside,carresmall
13227,FL-170S-A6-44,65000,saver,6,461.64,170gsilk,bothsides,a6
13231,FL-170S-XL-44,65000,standard,2,1370.79,170gsilk,bothsides,xlong
13232,FL-170S-VG-40,65000,standard,2,1553.17,170gsilk,oneside,carrelarge
13233,FL-170S-VG-40,65000,saver,6,1233.45,170gsilk,oneside,carrelarge
13234,FL-170S-XL-44,65000,saver,6,1286.15,170gsilk,bothsides,xlong
13259,FL-170S-VM-40,65000,saver,6,817.04,170gsilk,oneside,carremedium
13260,FL-170S-VM-40,65000,standard,2,961.21,170gsilk,oneside,carremedium
13278,FL-170S-A4-40,65000,saver,6,1885.63,170gsilk,oneside,a4
13279,FL-170S-A4-40,65000,standard,2,2218.39,170gsilk,oneside,a4
13312,FL-170S-A7-40,65000,standard,2,278.38,170gsilk,oneside,a7
13313,FL-170S-A7-40,65000,saver,6,236.62,170gsilk,oneside,a7
13327,FL-170S-US-44,65000,saver,6,785.31,170gsilk,bothsides,us
13329,FL-170S-AL-40,65000,standard,2,509.98,170gsilk,oneside,along
13332,FL-170S-AL-40,65000,saver,6,485.66,170gsilk,oneside,along
13344,FL-170S-US-44,65000,standard,2,826.64,170gsilk,bothsides,us
13368,FL-170S-AL-44,65000,saver,6,485.66,170gsilk,bothsides,along
13387,FL-170S-AL-44,65000,standard,2,509.98,170gsilk,bothsides,along
13392,FL-170S-A5-40,65000,saver,6,860.04,170gsilk,oneside,a5
13393,FL-170S-A5-40,65000,standard,2,1011.81,170gsilk,oneside,a5
13397,FL-170S-US-40,65000,standard,2,785.31,170gsilk,oneside,us
13398,FL-170S-US-40,65000,saver,6,746.04,170gsilk,oneside,us
13457,FL-170S-XL-40,65000,standard,2,1370.79,170gsilk,oneside,xlong
13458,FL-170S-XL-40,65000,saver,6,1286.15,170gsilk,oneside,xlong
13460,FL-170S-A5-44,65000,saver,6,946.63,170gsilk,bothsides,a5
13463,FL-170S-A5-44,65000,standard,2,1113.7,170gsilk,bothsides,a5
13517,FL-170S-A6-40,65000,saver,6,551.05,170gsilk,oneside,a6
13528,FL-170S-VM-44,65000,standard,2,1058.01,170gsilk,bothsides,carremedium
13531,FL-170S-A4-44,65000,standard,2,2266.66,170gsilk,bothsides,a4
13532,FL-170S-A4-44,65000,saver,6,1926.65,170gsilk,bothsides,a4
13539,FL-170S-VK-44,65000,saver,6,542.88,170gsilk,bothsides,carresmall
13541,FL-170S-VK-44,65000,standard,2,638.7,170gsilk,bothsides,carresmall
13542,FL-170S-VM-44,65000,saver,6,899.31,170gsilk,bothsides,carremedium
13544,FL-170S-A6-40,65000,standard,2,580.07,170gsilk,oneside,a6
13584,FL-170S-A7-44,65000,standard,2,302.23,170gsilk,bothsides,a7
13592,FL-170S-A7-44,65000,saver,6,256.89,170gsilk,bothsides,a7
13636,FL-170S-XL-40,70000,standard,2,1471.99,170gsilk,oneside,xlong
13641,FL-170S-XL-40,70000,saver,6,1379.07,170gsilk,oneside,xlong
13645,FL-170S-US-40,70000,standard,2,846.44,170gsilk,oneside,us
13655,FL-170S-A5-44,70000,standard,2,1198.95,170gsilk,bothsides,a5
13656,FL-170S-A5-44,70000,saver,6,1019.11,170gsilk,bothsides,a5
13659,FL-170S-A5-40,70000,saver,6,925.3,170gsilk,oneside,a5
13661,FL-170S-A5-40,70000,standard,2,1088.58,170gsilk,oneside,a5
13668,FL-170S-US-40,70000,saver,6,804.12,170gsilk,oneside,us
13718,FL-170S-AL-40,70000,standard,2,549.98,170gsilk,oneside,along
13719,FL-170S-AL-40,70000,saver,6,523.66,170gsilk,oneside,along
13725,FL-170S-US-44,70000,standard,2,890.99,170gsilk,bothsides,us
13741,FL-170S-US-44,70000,saver,6,846.44,170gsilk,bothsides,us
13772,FL-170S-AL-44,70000,standard,2,549.98,170gsilk,bothsides,along
13773,FL-170S-AL-44,70000,saver,6,523.66,170gsilk,bothsides,along
13815,FL-170S-VM-44,70000,saver,6,968.15,170gsilk,bothsides,carremedium
13816,FL-170S-VM-44,70000,standard,2,1139.01,170gsilk,bothsides,carremedium
13819,FL-170S-VK-44,70000,saver,6,583.46,170gsilk,bothsides,carresmall
13822,FL-170S-A6-40,70000,standard,2,623.81,170gsilk,oneside,a6
13823,FL-170S-A6-40,70000,saver,6,592.62,170gsilk,oneside,a6
13840,FL-170S-VK-44,70000,standard,2,686.45,170gsilk,bothsides,carresmall
13854,FL-170S-A7-40,70000,standard,2,300.26,170gsilk,oneside,a7
13855,FL-170S-A7-40,70000,saver,6,255.22,170gsilk,oneside,a7
13897,FL-170S-A4-44,70000,saver,6,2074.12,170gsilk,bothsides,a4
13898,FL-170S-A4-44,70000,standard,2,2440.15,170gsilk,bothsides,a4
13915,FL-170S-A4-40,70000,standard,2,2389.42,170gsilk,oneside,a4
13916,FL-170S-A4-40,70000,saver,6,2031.02,170gsilk,oneside,a4
13930,FL-170S-VG-44,70000,saver,6,1970.41,170gsilk,bothsides,carrelarge
13945,FL-170S-VM-40,70000,saver,6,879.03,170gsilk,oneside,carremedium
13946,FL-170S-VM-40,70000,standard,2,1034.15,170gsilk,oneside,carremedium
13977,FL-170S-VG-44,70000,standard,2,2318.15,170gsilk,bothsides,carrelarge
14019,FL-170S-XL-44,70000,saver,6,1379.07,170gsilk,bothsides,xlong
14020,FL-170S-XL-44,70000,standard,2,1471.99,170gsilk,bothsides,xlong
14023,FL-170S-VG-40,70000,standard,2,1671.75,170gsilk,oneside,carrelarge
14031,FL-170S-VK-40,70000,standard,2,681.85,170gsilk,oneside,carresmall
14033,FL-170S-A7-44,70000,saver,6,273.62,170gsilk,bothsides,a7
14034,FL-170S-VG-40,70000,saver,6,1327.65,170gsilk,oneside,carrelarge
14041,FL-170S-A7-44,70000,standard,2,321.91,170gsilk,bothsides,a7
14044,FL-170S-VK-40,70000,saver,6,647.76,170gsilk,oneside,carresmall
14058,FL-170S-A6-44,70000,standard,2,583.71,170gsilk,bothsides,a6
14066,FL-170S-A6-44,70000,saver,6,496.15,170gsilk,bothsides,a6
14079,FL-170S-US-40,75000,standard,2,907.57,170gsilk,oneside,us
14117,FL-170S-A7-44,75000,standard,2,343.32,170gsilk,bothsides,a7
14118,FL-170S-A7-44,75000,saver,6,291.83,170gsilk,bothsides,a7
14122,FL-170S-XL-40,75000,saver,6,1479.35,170gsilk,oneside,xlong
14125,FL-170S-XL-40,75000,standard,2,1575.95,170gsilk,oneside,xlong
14136,FL-170S-US-40,75000,saver,6,862.19,170gsilk,oneside,us
14167,FL-170S-VM-44,75000,saver,6,1036.14,170gsilk,bothsides,carremedium
14168,FL-170S-VM-44,75000,standard,2,1218.99,170gsilk,bothsides,carremedium
14179,FL-170S-XL-44,75000,saver,6,1479.35,170gsilk,bothsides,xlong
14180,FL-170S-XL-44,75000,standard,2,1575.95,170gsilk,bothsides,xlong
14238,FL-170S-VG-40,75000,saver,6,1421.48,170gsilk,oneside,carrelarge
14240,FL-170S-VG-40,75000,standard,2,1790.65,170gsilk,oneside,carrelarge
14252,FL-170S-VK-44,75000,saver,6,624.73,170gsilk,bothsides,carresmall
14253,FL-170S-VK-44,75000,standard,2,734.98,170gsilk,bothsides,carresmall
14270,FL-170S-VG-44,75000,saver,6,2110.67,170gsilk,bothsides,carrelarge
14271,FL-170S-VG-44,75000,standard,2,2483.14,170gsilk,bothsides,carrelarge
14285,FL-170S-A6-40,75000,saver,6,635.1,170gsilk,oneside,a6
14286,FL-170S-A6-40,75000,standard,2,668.53,170gsilk,oneside,a6
14289,FL-170S-A4-40,75000,standard,2,2560.72,170gsilk,oneside,a4
14292,FL-170S-A4-40,75000,saver,6,2176.62,170gsilk,oneside,a4
14298,FL-170S-A7-40,75000,saver,6,273.56,170gsilk,oneside,a7
14302,FL-170S-A7-40,75000,standard,2,321.84,170gsilk,oneside,a7
14303,FL-170S-A4-44,75000,saver,6,2221.75,170gsilk,bothsides,a4
14308,FL-170S-A4-44,75000,standard,2,2613.83,170gsilk,bothsides,a4
14309,FL-170S-US-44,75000,standard,2,955.34,170gsilk,bothsides,us
14322,FL-170S-AL-40,75000,saver,6,562.66,170gsilk,oneside,along
14330,FL-170S-AL-40,75000,standard,2,590.98,170gsilk,oneside,along
14335,FL-170S-US-44,75000,saver,6,907.57,170gsilk,bothsides,us
14345,FL-170S-A6-44,75000,standard,2,624.98,170gsilk,bothsides,a6
14350,FL-170S-A6-44,75000,saver,6,531.23,170gsilk,bothsides,a6
14357,FL-170S-VK-40,75000,standard,2,728.88,170gsilk,oneside,carresmall
14358,FL-170S-VK-40,75000,saver,6,692.44,170gsilk,oneside,carresmall
14407,FL-170S-AL-44,75000,saver,6,562.66,170gsilk,bothsides,along
14408,FL-170S-AL-44,75000,standard,2,590.98,170gsilk,bothsides,along
14424,FL-170S-VM-40,75000,standard,2,1108.34,170gsilk,oneside,carremedium
14436,FL-170S-A5-40,75000,saver,6,991.67,170gsilk,oneside,a5
14444,FL-170S-A5-40,75000,standard,2,1166.68,170gsilk,oneside,a5
14448,FL-170S-VM-40,75000,saver,6,942.09,170gsilk,oneside,carremedium
14456,FL-170S-A5-44,75000,saver,6,1090.68,170gsilk,bothsides,a5
14467,FL-170S-A5-44,75000,standard,2,1283.15,170gsilk,bothsides,a5
14485,FL-170S-A5-40,80000,standard,2,1244.64,170gsilk,oneside,a5
14489,FL-170S-VG-40,80000,standard,2,1910.0,170gsilk,oneside,carrelarge
14492,FL-170S-XL-40,80000,saver,6,1574.11,170gsilk,oneside,xlong
14497,FL-170S-VK-40,80000,saver,6,737.1,170gsilk,oneside,carresmall
14498,FL-170S-VK-40,80000,standard,2,775.9,170gsilk,oneside,carresmall
14504,FL-170S-XL-40,80000,standard,2,1678.99,170gsilk,oneside,xlong
14508,FL-170S-A7-44,80000,saver,6,308.54,170gsilk,bothsides,a7
14509,FL-170S-A7-44,80000,standard,2,362.99,170gsilk,bothsides,a7
14523,FL-170S-XL-44,80000,saver,6,1574.11,170gsilk,bothsides,xlong
14524,FL-170S-XL-44,80000,standard,2,1678.99,170gsilk,bothsides,xlong
14525,FL-170S-A5-40,80000,saver,6,1057.95,170gsilk,oneside,a5
14532,FL-170S-VG-40,80000,saver,6,1515.31,170gsilk,oneside,carrelarge
14554,FL-170S-A4-44,80000,standard,2,2787.52,170gsilk,bothsides,a4
14607,FL-170S-VM-40,80000,standard,2,1182.41,170gsilk,oneside,carremedium
14608,FL-170S-VM-40,80000,saver,6,1005.06,170gsilk,oneside,carremedium
14642,FL-170S-A4-44,80000,saver,6,2369.39,170gsilk,bothsides,a4
14650,FL-170S-A6-44,80000,saver,6,566.91,170gsilk,bothsides,a6
14651,FL-170S-A6-44,80000,standard,2,666.96,170gsilk,bothsides,a6
14673,FL-170S-VG-44,80000,saver,6,2250.92,170gsilk,bothsides,carrelarge
14674,FL-170S-VG-44,80000,standard,2,2648.14,170gsilk,bothsides,carrelarge
14689,FL-170S-A4-40,80000,saver,6,2319.9,170gsilk,oneside,a4
14695,FL-170S-A4-40,80000,standard,2,2729.3,170gsilk,oneside,a4
14710,FL-170S-VM-44,80000,saver,6,1105.52,170gsilk,bothsides,carremedium
14730,FL-170S-VM-44,80000,standard,2,1300.6,170gsilk,bothsides,carremedium
14764,FL-170S-AL-40,80000,saver,6,595.66,170gsilk,oneside,along
14768,FL-170S-US-44,80000,saver,6,968.71,170gsilk,bothsides,us
14771,FL-170S-A6-40,80000,standard,2,713.72,170gsilk,oneside,a6
14772,FL-170S-A6-40,80000,saver,6,678.03,170gsilk,oneside,a6
14779,FL-170S-US-44,80000,standard,2,1019.69,170gsilk,bothsides,us
14799,FL-170S-AL-40,80000,standard,2,625.98,170gsilk,oneside,along
14813,FL-170S-A7-40,80000,standard,2,343.3,170gsilk,oneside,a7
14814,FL-170S-A7-40,80000,saver,6,291.8,170gsilk,oneside,a7
14819,FL-170S-VK-44,80000,saver,6,666.7,170gsilk,bothsides,carresmall
14820,FL-170S-VK-44,80000,standard,2,784.35,170gsilk,bothsides,carresmall
14856,FL-170S-A5-44,80000,standard,2,1369.05,170gsilk,bothsides,a5
14862,FL-170S-US-40,80000,standard,2,968.71,170gsilk,oneside,us
14863,FL-170S-US-40,80000,saver,6,920.27,170gsilk,oneside,us
14880,FL-170S-A5-44,80000,saver,6,1163.7,170gsilk,bothsides,a5
14883,FL-170S-AL-44,80000,saver,6,595.66,170gsilk,bothsides,along
14921,FL-170S-AL-44,80000,standard,2,625.98,170gsilk,bothsides,along
14937,FL-170S-US-44,85000,standard,2,1084.04,170gsilk,bothsides,us
14941,FL-170S-US-44,85000,saver,6,1029.84,170gsilk,bothsides,us
15001,FL-170S-A5-44,85000,saver,6,1236.54,170gsilk,bothsides,a5
15002,FL-170S-A5-44,85000,standard,2,1454.75,170gsilk,bothsides,a5
15038,FL-170S-XL-40,85000,saver,6,1667.95,170gsilk,oneside,xlong
15041,FL-170S-XL-40,85000,standard,2,1782.03,170gsilk,oneside,xlong
15066,FL-170S-AL-40,85000,saver,6,634.66,170gsilk,oneside,along
15069,FL-170S-A6-40,85000,standard,2,758.45,170gsilk,oneside,a6
15070,FL-170S-A6-40,85000,saver,6,720.52,170gsilk,oneside,a6
15075,FL-170S-VG-44,85000,saver,6,2391.93,170gsilk,bothsides,carrelarge
15078,FL-170S-VG-44,85000,standard,2,2814.03,170gsilk,bothsides,carrelarge
15089,FL-170S-VK-44,85000,standard,2,834.74,170gsilk,bothsides,carresmall
15098,FL-170S-VM-44,85000,saver,6,1174.72,170gsilk,bothsides,carremedium
15099,FL-170S-VM-44,85000,standard,2,1382.01,170gsilk,bothsides,carremedium
15105,FL-170S-VK-44,85000,saver,6,709.53,170gsilk,bothsides,carresmall
15107,FL-170S-A6-44,85000,standard,2,709.82,170gsilk,bothsides,a6
15112,FL-170S-AL-40,85000,standard,2,666.98,170gsilk,oneside,along
15121,FL-170S-A6-44,85000,saver,6,603.34,170gsilk,bothsides,a6
15127,FL-170S-XL-44,85000,standard,2,1782.03,170gsilk,bothsides,xlong
15128,FL-170S-XL-44,85000,saver,6,1667.95,170gsilk,bothsides,xlong
15143,FL-170S-VG-40,85000,standard,2,2028.87,170gsilk,oneside,carrelarge
15144,FL-170S-VG-40,85000,saver,6,1609.58,170gsilk,oneside,carrelarge
15179,FL-170S-VK-40,85000,standard,2,822.93,170gsilk,oneside,carresmall
15187,FL-170S-AL-44,85000,saver,6,634.66,170gsilk,bothsides,along
15188,FL-170S-AL-44,85000,standard,2,666.98,170gsilk,bothsides,along
15194,FL-170S-VK-40,85000,saver,6,781.78,170gsilk,oneside,carresmall
15207,FL-170S-A4-44,85000,saver,6,2517.82,170gsilk,bothsides,a4
15217,FL-170S-A4-40,85000,standard,2,2900.4,170gsilk,oneside,a4
15225,FL-170S-A4-40,85000,saver,6,2465.33,170gsilk,oneside,a4
15233,FL-170S-A4-44,85000,standard,2,2962.13,170gsilk,bothsides,a4
15239,FL-170S-A7-44,85000,saver,6,326.04,170gsilk,bothsides,a7
15240,FL-170S-A7-44,85000,standard,2,383.57,170gsilk,bothsides,a7
15252,FL-170S-A7-40,85000,saver,6,310.58,170gsilk,oneside,a7
15264,FL-170S-US-40,85000,saver,6,978.35,170gsilk,oneside,us
15265,FL-170S-US-40,85000,standard,2,1029.84,170gsilk,oneside,us
15271,FL-170S-A7-40,85000,standard,2,365.38,170gsilk,oneside,a7
15276,FL-170S-VM-40,85000,saver,6,1067.8,170gsilk,oneside,carremedium
15300,FL-170S-VM-40,85000,standard,2,1256.23,170gsilk,oneside,carremedium
15326,FL-170S-A5-40,85000,standard,2,1322.35,170gsilk,oneside,a5
15335,FL-170S-A5-40,85000,saver,6,1124.01,170gsilk,oneside,a5
15354,FL-170S-A5-44,90000,standard,2,1540.02,170gsilk,bothsides,a5
15355,FL-170S-A5-44,90000,saver,6,1309.02,170gsilk,bothsides,a5
15378,FL-170S-A7-40,90000,standard,2,385.52,170gsilk,oneside,a7
15416,FL-170S-VM-44,90000,saver,6,1243.57,170gsilk,bothsides,carremedium
15432,FL-170S-VK-44,90000,standard,2,882.1,170gsilk,bothsides,carresmall
15434,FL-170S-VK-44,90000,saver,6,749.78,170gsilk,bothsides,carresmall
15435,FL-170S-VM-44,90000,standard,2,1463.02,170gsilk,bothsides,carremedium
15436,FL-170S-A5-40,90000,saver,6,1189.42,170gsilk,oneside,a5
15450,FL-170S-A5-40,90000,standard,2,1399.32,170gsilk,oneside,a5
15465,FL-170S-AL-40,90000,standard,2,706.98,170gsilk,oneside,along
15471,FL-170S-AL-40,90000,saver,6,672.66,170gsilk,oneside,along
15473,FL-170S-AL-44,90000,saver,6,672.66,170gsilk,bothsides,along
15474,FL-170S-AL-44,90000,standard,2,706.98,170gsilk,bothsides,along
15490,FL-170S-US-44,90000,standard,2,1148.39,170gsilk,bothsides,us
15494,FL-170S-VK-40,90000,standard,2,869.95,170gsilk,oneside,carresmall
15499,FL-170S-A6-40,90000,standard,2,802.33,170gsilk,oneside,a6
15504,FL-170S-A7-40,90000,saver,6,327.69,170gsilk,oneside,a7
15505,FL-170S-A6-40,90000,saver,6,762.21,170gsilk,oneside,a6
15522,FL-170S-VK-40,90000,saver,6,826.45,170gsilk,oneside,carresmall
15524,FL-170S-US-44,90000,saver,6,1090.97,170gsilk,bothsides,us
15532,FL-170S-A4-44,90000,saver,6,2665.44,170gsilk,bothsides,a4
15562,FL-170S-A6-44,90000,standard,2,750.09,170gsilk,bothsides,a6
15590,FL-170S-A6-44,90000,saver,6,637.57,170gsilk,bothsides,a6
15591,FL-170S-A4-44,90000,standard,2,3135.81,170gsilk,bothsides,a4
15606,FL-170S-VM-40,90000,saver,6,1129.94,170gsilk,oneside,carremedium
15611,FL-170S-A7-44,90000,saver,6,351.37,170gsilk,bothsides,a7
15613,FL-170S-A7-44,90000,standard,2,413.37,170gsilk,bothsides,a7
15616,FL-170S-VG-44,90000,standard,2,2979.02,170gsilk,bothsides,carrelarge
15617,FL-170S-VG-44,90000,saver,6,2532.17,170gsilk,bothsides,carrelarge
15620,FL-170S-VG-40,90000,standard,2,2147.63,170gsilk,oneside,carrelarge
15621,FL-170S-VG-40,90000,saver,6,1702.86,170gsilk,oneside,carrelarge
15631,FL-170S-XL-40,90000,standard,2,1888.75,170gsilk,oneside,xlong
15632,FL-170S-XL-40,90000,saver,6,1770.99,170gsilk,oneside,xlong
15701,FL-170S-XL-44,90000,standard,2,1888.75,170gsilk,bothsides,xlong
15702,FL-170S-XL-44,90000,saver,6,1770.99,170gsilk,bothsides,xlong
15727,FL-170S-VM-40,90000,standard,2,1329.35,170gsilk,oneside,carremedium
15745,FL-170S-US-40,90000,saver,6,1036.42,170gsilk,oneside,us
15748,FL-170S-US-40,90000,standard,2,1090.97,170gsilk,oneside,us
15777,FL-170S-A4-40,90000,saver,6,2611.04,170gsilk,oneside,a4
15778,FL-170S-A4-40,90000,standard,2,3071.81,170gsilk,oneside,a4
15789,FL-170S-A5-40,95000,saver,6,1296.13,170gsilk,oneside,a5
15792,FL-170S-A7-40,95000,saver,6,345.61,170gsilk,oneside,a7
15796,FL-170S-A6-40,95000,standard,2,847.19,170gsilk,oneside,a6
15806,FL-170S-A5-40,95000,standard,2,1524.85,170gsilk,oneside,a5
15808,FL-170S-A6-40,95000,saver,6,804.82,170gsilk,oneside,a6
15834,FL-170S-AL-40,95000,standard,2,740.98,170gsilk,oneside,along
15835,FL-170S-AL-40,95000,saver,6,705.66,170gsilk,oneside,along
15836,FL-170S-VK-40,95000,saver,6,871.13,170gsilk,oneside,carresmall
15838,FL-170S-VK-40,95000,standard,2,916.98,170gsilk,oneside,carresmall
15859,FL-170S-US-44,95000,standard,2,1212.74,170gsilk,bothsides,us
15860,FL-170S-US-44,95000,saver,6,1121.47,170gsilk,bothsides,us
15912,FL-170S-A5-44,95000,standard,2,1624.21,170gsilk,bothsides,a5
15913,FL-170S-A5-44,95000,saver,6,1380.59,170gsilk,bothsides,a5
15923,FL-170S-VG-44,95000,standard,2,3146.66,170gsilk,bothsides,carrelarge
15928,FL-170S-VG-44,95000,saver,6,2674.66,170gsilk,bothsides,carrelarge
15939,FL-170S-A7-40,95000,standard,2,406.59,170gsilk,oneside,a7
15960,FL-170S-VM-40,95000,standard,2,1448.61,170gsilk,oneside,carremedium
15965,FL-170S-VM-40,95000,saver,6,1231.33,170gsilk,oneside,carremedium
16001,FL-170S-A4-44,95000,saver,6,2815.43,170gsilk,bothsides,a4
16018,FL-170S-XL-40,95000,standard,2,1990.87,170gsilk,oneside,xlong
16023,FL-170S-XL-40,95000,saver,6,1864.83,170gsilk,oneside,xlong
16032,FL-170S-A4-44,95000,standard,2,3312.27,170gsilk,bothsides,a4
16036,FL-170S-A4-40,95000,saver,6,2755.46,170gsilk,oneside,a4
16037,FL-170S-A4-40,95000,standard,2,3241.72,170gsilk,oneside,a4
16080,FL-170S-US-40,95000,standard,2,1152.1,170gsilk,oneside,us
16081,FL-170S-US-40,95000,saver,6,1094.49,170gsilk,oneside,us
16084,FL-170S-VK-44,95000,standard,2,930.73,170gsilk,bothsides,carresmall
16085,FL-170S-VK-44,95000,saver,6,791.13,170gsilk,bothsides,carresmall
16092,FL-170S-VM-44,95000,standard,2,1543.0,170gsilk,bothsides,carremedium
16093,FL-170S-VM-44,95000,saver,6,1311.55,170gsilk,bothsides,carremedium
16106,FL-170S-A7-44,95000,standard,2,433.15,170gsilk,bothsides,a7
16116,FL-170S-A7-44,95000,saver,6,368.17,170gsilk,bothsides,a7
16130,FL-170S-XL-44,95000,saver,6,1864.83,170gsilk,bothsides,xlong
16141,FL-170S-AL-44,95000,standard,2,740.98,170gsilk,bothsides,along
16142,FL-170S-AL-44,95000,saver,6,705.66,170gsilk,bothsides,along
16160,FL-170S-A6-44,95000,saver,6,672.72,170gsilk,bothsides,a6
16161,FL-170S-A6-44,95000,standard,2,791.44,170gsilk,bothsides,a6
16164,FL-170S-XL-44,95000,standard,2,1990.87,170gsilk,bothsides,xlong
16168,FL-170S-VG-40,95000,standard,2,2266.55,170gsilk,oneside,carrelarge
16174,FL-170S-VG-40,95000,saver,6,1797.14,170gsilk,oneside,carrelarge
16200,FL-170S-A6-44,100000,standard,2,833.91,170gsilk,bothsides,a6
16204,FL-170S-VK-40,100000,standard,2,964.0,170gsilk,oneside,carresmall
16205,FL-170S-VK-40,100000,saver,6,915.8,170gsilk,oneside,carresmall
16213,FL-170S-A4-40,100000,saver,6,2901.06,170gsilk,oneside,a4
16220,FL-170S-A4-40,100000,standard,2,3413.02,170gsilk,oneside,a4
16230,FL-170S-A6-44,100000,saver,6,708.82,170gsilk,bothsides,a6
16249,FL-170S-A4-44,100000,saver,6,2963.17,170gsilk,bothsides,a4
16251,FL-170S-A4-44,100000,standard,2,3486.08,170gsilk,bothsides,a4
16280,FL-170S-VM-40,100000,saver,6,1325.12,170gsilk,oneside,carremedium
16292,FL-170S-VM-40,100000,standard,2,1558.96,170gsilk,oneside,carremedium
16321,FL-170S-VG-40,100000,saver,6,1890.88,170gsilk,oneside,carrelarge
16322,FL-170S-VG-40,100000,standard,2,2379.79,170gsilk,oneside,carrelarge
16327,FL-170S-US-40,100000,standard,2,1213.24,170gsilk,oneside,us
16328,FL-170S-US-40,100000,saver,6,1152.57,170gsilk,oneside,us
16329,FL-170S-XL-40,100000,standard,2,2093.91,170gsilk,oneside,xlong
16330,FL-170S-XL-40,100000,saver,6,1959.59,170gsilk,oneside,xlong
16333,FL-170S-A7-44,100000,standard,2,454.11,170gsilk,bothsides,a7
16334,FL-170S-A7-44,100000,saver,6,385.99,170gsilk,bothsides,a7
16336,FL-170S-XL-44,100000,standard,2,2093.91,170gsilk,bothsides,xlong
16341,FL-170S-VM-44,100000,saver,6,1381.89,170gsilk,bothsides,carremedium
16342,FL-170S-VM-44,100000,standard,2,1625.74,170gsilk,bothsides,carremedium
16379,FL-170S-XL-44,100000,saver,6,1959.59,170gsilk,bothsides,xlong
16422,FL-170S-VG-44,100000,standard,2,3311.78,170gsilk,bothsides,carrelarge
16423,FL-170S-VG-44,100000,saver,6,2815.02,170gsilk,bothsides,carrelarge
16468,FL-170S-VK-44,100000,standard,2,980.67,170gsilk,bothsides,carresmall
16487,FL-170S-A7-40,100000,standard,2,428.63,170gsilk,oneside,a7
16488,FL-170S-A7-40,100000,saver,6,364.33,170gsilk,oneside,a7
16492,FL-170S-US-44,100000,saver,6,1151.96,170gsilk,bothsides,us
16493,FL-170S-US-44,100000,standard,2,1277.09,170gsilk,bothsides,us
16504,FL-170S-AL-40,100000,saver,6,744.66,170gsilk,oneside,along
16505,FL-170S-AL-40,100000,standard,2,781.98,170gsilk,oneside,along
16506,FL-170S-A6-40,100000,saver,6,846.98,170gsilk,oneside,a6
16507,FL-170S-A6-40,100000,standard,2,891.56,170gsilk,oneside,a6
16520,FL-170S-A5-40,100000,standard,2,1641.01,170gsilk,oneside,a5
16521,FL-170S-A5-40,100000,saver,6,1394.86,170gsilk,oneside,a5
16544,FL-170S-A5-44,100000,standard,2,1710.09,170gsilk,bothsides,a5
16545,FL-170S-A5-44,100000,saver,6,1454.62,170gsilk,bothsides,a5
16599,FL-170S-AL-44,100000,saver,6,744.66,170gsilk,bothsides,along
16600,FL-170S-AL-44,100000,standard,2,781.98,170gsilk,bothsides,along
16617,FL-170S-VK-44,100000,saver,6,833.57,170gsilk,bothsides,carresmall
