SKU,Product Title,Quantity,Paper Size,Finished Size,Paper Type,Print Type,Turnaround,Print Page Number,Lamination,Cover,Fold Type,Print Orientation,Product Finishing,Cut Type,Sets,VAT Rate,Price £,SpotUV
R1-00057b0fc2,Whiteboards,5,A2,A2,"440mic Write-On, Wipe-Off Staufen",Single Sided,3-4 Working Days,N/A,No Lamination,,Flat,N/A,None,Square Cut,,20,32.54,None
R1-02bc8df028,Whiteboards,3,A4,A4,"440mic Write-On, Wipe-Off Staufen",Single Sided,3-4 Working Days,N/A,No Lamination,,Flat,N/A,None,Square Cut,,20,22.60,None
R1-03024cdf9a,Whiteboards,50,A0,A0,"440mic Write-On, Wipe-Off Staufen",Single Sided,2 Working Days,N/A,No Lamination,,Flat,N/A,None,Square Cut,,20,490.09,None
R1-0323d4e2ca,Whiteboards,45,A3,A3,"440mic Write-On, Wipe-Off Staufen",Single Sided,1 Working Day,N/A,No Lamination,,Flat,N/A,None,Square Cut,,20,70.50,None
R1-03250a6851,Whiteboards,3,A2,A2,"440mic Write-On, Wipe-Off Staufen",Single Sided,2 Working Days,N/A,No Lamination,,Flat,N/A,None,Square Cut,,20,30.39,None
R1-039770232c,Whiteboards,4,A2,A2,"440mic Write-On, Wipe-Off Staufen",Single Sided,1 Working Day,N/A,No Lamination,,Flat,N/A,None,Square Cut,,20,34.60,None
R1-049336b09f,Whiteboards,45,A1,A1,"440mic Write-On, Wipe-Off Staufen",Single Sided,1 Working Day,N/A,No Lamination,,Flat,N/A,None,Square Cut,,20,197.40,None
R1-0553e191e0,Whiteboards,15,A0,A0,"440mic Write-On, Wipe-Off Staufen",Single Sided,1 Working Day,N/A,No Lamination,,Flat,N/A,None,Square Cut,,20,186.63,None
R1-06373da5a5,Whiteboards,8,A2,A2,"440mic Write-On, Wipe-Off Staufen",Single Sided,3-4 Working Days,N/A,No Lamination,,Flat,N/A,None,Square Cut,,20,39.85,None
R1-0680d8ac20,Whiteboards,5,A0,A0,"440mic Write-On, Wipe-Off Staufen",Single Sided,2 Working Days,N/A,No Lamination,,Flat,N/A,None,Square Cut,,20,77.09,None
R1-06994803e4,Whiteboards,40,A3,A3,"440mic Write-On, Wipe-Off Staufen",Single Sided,3-4 Working Days,N/A,No Lamination,,Flat,N/A,None,Square Cut,,20,57.73,None
R1-0850a4825a,Whiteboards,45,A3,A3,"440mic Write-On, Wipe-Off Staufen",Single Sided,3-4 Working Days,N/A,No Lamination,,Flat,N/A,None,Square Cut,,20,61.31,None
R1-0851a4da34,Whiteboards,10,A3,A3,"440mic Write-On, Wipe-Off Staufen",Single Sided,3-4 Working Days,N/A,No Lamination,,Flat,N/A,None,Square Cut,,20,31.02,None
R1-0949af3b44,Whiteboards,15,A4,A4,"440mic Write-On, Wipe-Off Staufen",Single Sided,1 Working Day,N/A,No Lamination,,Flat,N/A,None,Square Cut,,20,31.34,None
R1-09a01d4bd5,Whiteboards,35,A4,A4,"440mic Write-On, Wipe-Off Staufen",Single Sided,3-4 Working Days,N/A,No Lamination,,Flat,N/A,None,Square Cut,,20,34.45,None
R1-09ae0d1bf6,Whiteboards,15,A2,A2,"440mic Write-On, Wipe-Off Staufen",Single Sided,2 Working Days,N/A,No Lamination,,Flat,N/A,None,Square Cut,,20,59.96,None
R1-0abc722410,Whiteboards,10,A2,A2,"440mic Write-On, Wipe-Off Staufen",Single Sided,1 Working Day,N/A,No Lamination,,Flat,N/A,None,Square Cut,,20,51.37,None
R1-0dc0469ffc,Whiteboards,6,A2,A2,"440mic Write-On, Wipe-Off Staufen",Single Sided,2 Working Days,N/A,No Lamination,,Flat,N/A,None,Square Cut,,20,39.86,None
R1-0e58bfe158,Whiteboards,10,A0,A0,"440mic Write-On, Wipe-Off Staufen",Single Sided,2 Working Days,N/A,No Lamination,,Flat,N/A,None,Square Cut,,20,131.04,None
R1-0e5bb18d05,Whiteboards,20,A3,A3,"440mic Write-On, Wipe-Off Staufen",Single Sided,1 Working Day,N/A,No Lamination,,Flat,N/A,None,Square Cut,,20,45.51,None
R1-0edd4cb27c,Whiteboards,10,A3,A3,"440mic Write-On, Wipe-Off Staufen",Single Sided,2 Working Days,N/A,No Lamination,,Flat,N/A,None,Square Cut,,20,34.13,None
R1-0f040c8f11,Whiteboards,15,A3,A3,"440mic Write-On, Wipe-Off Staufen",Single Sided,2 Working Days,N/A,No Lamination,,Flat,N/A,None,Square Cut,,20,39.52,None
R1-110afdac0b,Whiteboards,5,A1,A1,"440mic Write-On, Wipe-Off Staufen",Single Sided,1 Working Day,N/A,No Lamination,,Flat,N/A,None,Square Cut,,20,43.18,None
R1-12e2f88222,Whiteboards,4,A4,A4,"440mic Write-On, Wipe-Off Staufen",Single Sided,3-4 Working Days,N/A,No Lamination,,Flat,N/A,None,Square Cut,,20,22.57,None
R1-136dff044d,Whiteboards,10,A0,A0,"440mic Write-On, Wipe-Off Staufen",Single Sided,3-4 Working Days,N/A,No Lamination,,Flat,N/A,None,Square Cut,,20,119.13,None
R1-1411991229,Whiteboards,7,A1,A1,"440mic Write-On, Wipe-Off Staufen",Single Sided,3-4 Working Days,N/A,No Lamination,,Flat,N/A,None,Square Cut,,20,46.15,None
R1-155b085c85,Whiteboards,35,A2,A2,"440mic Write-On, Wipe-Off Staufen",Single Sided,1 Working Day,N/A,No Lamination,,Flat,N/A,None,Square Cut,,20,104.70,None
R1-15fb24269f,Whiteboards,6,A3,A3,"440mic Write-On, Wipe-Off Staufen",Single Sided,1 Working Day,N/A,No Lamination,,Flat,N/A,None,Square Cut,,20,31.61,None
R1-1613992d34,Whiteboards,50,A2,A2,"440mic Write-On, Wipe-Off Staufen",Single Sided,3-4 Working Days,N/A,No Lamination,,Flat,N/A,None,Square Cut,,20,119.95,None
R1-19195563d1,Whiteboards,9,A2,A2,"440mic Write-On, Wipe-Off Staufen",Single Sided,3-4 Working Days,N/A,No Lamination,,Flat,N/A,None,Square Cut,,20,43.51,None
R1-198456f2dc,Whiteboards,15,A1,A1,"440mic Write-On, Wipe-Off Staufen",Single Sided,2 Working Days,N/A,No Lamination,,Flat,N/A,None,Square Cut,,20,83.13,None
R1-1a53f4e5f1,Whiteboards,30,A2,A2,"440mic Write-On, Wipe-Off Staufen",Single Sided,3-4 Working Days,N/A,No Lamination,,Flat,N/A,None,Square Cut,,20,82.58,None
R1-1b72994e5b,Whiteboards,30,A0,A0,"440mic Write-On, Wipe-Off Staufen",Single Sided,3-4 Working Days,N/A,No Lamination,,Flat,N/A,None,Square Cut,,20,281.00,None
R1-1c0760098a,Whiteboards,50,A2,A2,"440mic Write-On, Wipe-Off Staufen",Single Sided,2 Working Days,N/A,No Lamination,,Flat,N/A,None,Square Cut,,20,131.95,None
R1-1cd814d92b,Whiteboards,5,A1,A1,"440mic Write-On, Wipe-Off Staufen",Single Sided,2 Working Days,N/A,No Lamination,,Flat,N/A,None,Square Cut,,20,41.30,None
R1-1d63ffa7f3,Whiteboards,30,A3,A3,"440mic Write-On, Wipe-Off Staufen",Single Sided,1 Working Day,N/A,No Lamination,,Flat,N/A,None,Square Cut,,20,56.69,None
R1-1e0a0405fd,Whiteboards,40,A4,A4,"440mic Write-On, Wipe-Off Staufen",Single Sided,2 Working Days,N/A,No Lamination,,Flat,N/A,None,Square Cut,,20,40.53,None
R1-1e5c6113cc,Whiteboards,20,A0,A0,"440mic Write-On, Wipe-Off Staufen",Single Sided,3-4 Working Days,N/A,No Lamination,,Flat,N/A,None,Square Cut,,20,205.29,None
R1-20c580cf1e,Whiteboards,2,A3,A3,"440mic Write-On, Wipe-Off Staufen",Single Sided,2 Working Days,N/A,No Lamination,,Flat,N/A,None,Square Cut,,20,24.91,None
R1-216004c386,Whiteboards,9,A3,A3,"440mic Write-On, Wipe-Off Staufen",Single Sided,3-4 Working Days,N/A,No Lamination,,Flat,N/A,None,Square Cut,,20,31.08,None
R1-225cd234a8,Whiteboards,45,A4,A4,"440mic Write-On, Wipe-Off Staufen",Single Sided,3-4 Working Days,N/A,No Lamination,,Flat,N/A,None,Square Cut,,20,38.01,None
R1-22ca2c371c,Whiteboards,35,A0,A0,"440mic Write-On, Wipe-Off Staufen",Single Sided,3-4 Working Days,N/A,No Lamination,,Flat,N/A,None,Square Cut,,20,317.43,None
R1-23353ba09e,Whiteboards,5,A4,A4,"440mic Write-On, Wipe-Off Staufen",Single Sided,1 Working Day,N/A,No Lamination,,Flat,N/A,None,Square Cut,,20,25.91,None
R1-24500121a0,Whiteboards,7,A2,A2,"440mic Write-On, Wipe-Off Staufen",Single Sided,1 Working Day,N/A,No Lamination,,Flat,N/A,None,Square Cut,,20,43.03,None
R1-25294cfdcb,Whiteboards,20,A2,A2,"440mic Write-On, Wipe-Off Staufen",Single Sided,1 Working Day,N/A,No Lamination,,Flat,N/A,None,Square Cut,,20,75.38,None
R1-25a0f1bd11,Whiteboards,40,A2,A2,"440mic Write-On, Wipe-Off Staufen",Single Sided,3-4 Working Days,N/A,No Lamination,,Flat,N/A,None,Square Cut,,20,101.94,None
R1-25a3ce0242,Whiteboards,45,A1,A1,"440mic Write-On, Wipe-Off Staufen",Single Sided,3-4 Working Days,N/A,No Lamination,,Flat,N/A,None,Square Cut,,20,171.66,None
R1-25caa84cc8,Whiteboards,15,A0,A0,"440mic Write-On, Wipe-Off Staufen",Single Sided,3-4 Working Days,N/A,No Lamination,,Flat,N/A,None,Square Cut,,20,162.29,None
R1-26d4de323f,Whiteboards,30,A1,A1,"440mic Write-On, Wipe-Off Staufen",Single Sided,1 Working Day,N/A,No Lamination,,Flat,N/A,None,Square Cut,,20,143.15,None
R1-28e88272e2,Whiteboards,40,A4,A4,"440mic Write-On, Wipe-Off Staufen",Single Sided,3-4 Working Days,N/A,No Lamination,,Flat,N/A,None,Square Cut,,20,36.85,None
R1-2a082174d7,Whiteboards,9,A1,A1,"440mic Write-On, Wipe-Off Staufen",Single Sided,3-4 Working Days,N/A,No Lamination,,Flat,N/A,None,Square Cut,,20,54.69,None
R1-2a35aea5bd,Whiteboards,30,A0,A0,"440mic Write-On, Wipe-Off Staufen",Single Sided,2 Working Days,N/A,No Lamination,,Flat,N/A,None,Square Cut,,20,309.10,None
R1-2a43567a9e,Whiteboards,50,A4,A4,"440mic Write-On, Wipe-Off Staufen",Single Sided,1 Working Day,N/A,No Lamination,,Flat,N/A,None,Square Cut,,20,47.86,None
R1-2a69b6437d,Whiteboards,5,A0,A0,"440mic Write-On, Wipe-Off Staufen",Single Sided,1 Working Day,N/A,No Lamination,,Flat,N/A,None,Square Cut,,20,80.60,None
R1-2c59619d2c,Whiteboards,8,A1,A1,"440mic Write-On, Wipe-Off Staufen",Single Sided,1 Working Day,N/A,No Lamination,,Flat,N/A,None,Square Cut,,20,58.71,None
R1-2ce6863bf1,Whiteboards,40,A0,A0,"440mic Write-On, Wipe-Off Staufen",Single Sided,1 Working Day,N/A,No Lamination,,Flat,N/A,None,Square Cut,,20,408.20,None
R1-2d0ad42859,Whiteboards,9,A4,A4,"440mic Write-On, Wipe-Off Staufen",Single Sided,3-4 Working Days,N/A,No Lamination,,Flat,N/A,None,Square Cut,,20,24.86,None
R1-2ee4f14545,Whiteboards,7,A1,A1,"440mic Write-On, Wipe-Off Staufen",Single Sided,1 Working Day,N/A,No Lamination,,Flat,N/A,None,Square Cut,,20,53.07,None
R1-303591485b,Whiteboards,30,A4,A4,"440mic Write-On, Wipe-Off Staufen",Single Sided,2 Working Days,N/A,No Lamination,,Flat,N/A,None,Square Cut,,20,35.25,None
R1-31be82115f,Whiteboards,15,A2,A2,"440mic Write-On, Wipe-Off Staufen",Single Sided,1 Working Day,N/A,No Lamination,,Flat,N/A,None,Square Cut,,20,62.68,None
R1-32e6ad0bb1,Whiteboards,4,A4,A4,"440mic Write-On, Wipe-Off Staufen",Single Sided,2 Working Days,N/A,No Lamination,,Flat,N/A,None,Square Cut,,20,24.82,None
R1-339cbc376b,Whiteboards,30,A1,A1,"440mic Write-On, Wipe-Off Staufen",Single Sided,3-4 Working Days,N/A,No Lamination,,Flat,N/A,None,Square Cut,,20,124.48,None
R1-351e62bc88,Whiteboards,20,A0,A0,"440mic Write-On, Wipe-Off Staufen",Single Sided,2 Working Days,N/A,No Lamination,,Flat,N/A,None,Square Cut,,20,225.82,None
R1-37f431ef3b,Whiteboards,5,A3,A3,"440mic Write-On, Wipe-Off Staufen",Single Sided,2 Working Days,N/A,No Lamination,,Flat,N/A,None,Square Cut,,20,27.53,None
R1-38d76be079,Whiteboards,1,A0,A0,"440mic Write-On, Wipe-Off Staufen",Single Sided,1 Working Day,N/A,No Lamination,,Flat,N/A,None,Square Cut,,20,34.78,None
R1-3b00f5b5ca,Whiteboards,9,A2,A2,"440mic Write-On, Wipe-Off Staufen",Single Sided,2 Working Days,N/A,No Lamination,,Flat,N/A,None,Square Cut,,20,47.86,None
R1-3b95ca5128,Whiteboards,2,A3,A3,"440mic Write-On, Wipe-Off Staufen",Single Sided,1 Working Day,N/A,No Lamination,,Flat,N/A,None,Square Cut,,20,26.04,None
R1-3bb86407e9,Whiteboards,6,A2,A2,"440mic Write-On, Wipe-Off Staufen",Single Sided,1 Working Day,N/A,No Lamination,,Flat,N/A,None,Square Cut,,20,41.67,None
R1-3bccd520a1,Whiteboards,25,A2,A2,"440mic Write-On, Wipe-Off Staufen",Single Sided,3-4 Working Days,N/A,No Lamination,,Flat,N/A,None,Square Cut,,20,74.08,None
R1-3cedc4b440,Whiteboards,2,A0,A0,"440mic Write-On, Wipe-Off Staufen",Single Sided,2 Working Days,N/A,No Lamination,,Flat,N/A,None,Square Cut,,20,44.28,None
R1-3de1758aeb,Whiteboards,1,A2,A2,"440mic Write-On, Wipe-Off Staufen",Single Sided,1 Working Day,N/A,No Lamination,,Flat,N/A,None,Square Cut,,20,26.08,None
R1-3e63616797,Whiteboards,30,A4,A4,"440mic Write-On, Wipe-Off Staufen",Single Sided,1 Working Day,N/A,No Lamination,,Flat,N/A,None,Square Cut,,20,36.85,None
R1-3e652fd458,Whiteboards,30,A0,A0,"440mic Write-On, Wipe-Off Staufen",Single Sided,1 Working Day,N/A,No Lamination,,Flat,N/A,None,Square Cut,,20,323.15,None
R1-3e909987a5,Whiteboards,50,A1,A1,"440mic Write-On, Wipe-Off Staufen",Single Sided,3-4 Working Days,N/A,No Lamination,,Flat,N/A,None,Square Cut,,20,187.27,None
R1-402748c4c5,Whiteboards,3,A4,A4,"440mic Write-On, Wipe-Off Staufen",Single Sided,2 Working Days,N/A,No Lamination,,Flat,N/A,None,Square Cut,,20,24.86,None
R1-404fb8f102,Whiteboards,45,A2,A2,"440mic Write-On, Wipe-Off Staufen",Single Sided,2 Working Days,N/A,No Lamination,,Flat,N/A,None,Square Cut,,20,122.73,None
R1-40b266ff37,Whiteboards,40,A3,A3,"440mic Write-On, Wipe-Off Staufen",Single Sided,2 Working Days,N/A,No Lamination,,Flat,N/A,None,Square Cut,,20,63.50,None
R1-413b85fcd2,Whiteboards,15,A0,A0,"440mic Write-On, Wipe-Off Staufen",Single Sided,2 Working Days,N/A,No Lamination,,Flat,N/A,None,Square Cut,,20,178.51,None
R1-41c75c4fcc,Whiteboards,4,A3,A3,"440mic Write-On, Wipe-Off Staufen",Single Sided,2 Working Days,N/A,No Lamination,,Flat,N/A,None,Square Cut,,20,27.58,None
R1-430892a822,Whiteboards,4,A0,A0,"440mic Write-On, Wipe-Off Staufen",Single Sided,2 Working Days,N/A,No Lamination,,Flat,N/A,None,Square Cut,,20,67.57,None
R1-43952ead7f,Whiteboards,25,A4,A4,"440mic Write-On, Wipe-Off Staufen",Single Sided,1 Working Day,N/A,No Lamination,,Flat,N/A,None,Square Cut,,20,35.49,None
R1-43c3404a70,Whiteboards,8,A1,A1,"440mic Write-On, Wipe-Off Staufen",Single Sided,2 Working Days,N/A,No Lamination,,Flat,N/A,None,Square Cut,,20,56.16,None
R1-43f3d5c1a3,Whiteboards,7,A3,A3,"440mic Write-On, Wipe-Off Staufen",Single Sided,2 Working Days,N/A,No Lamination,,Flat,N/A,None,Square Cut,,20,31.56,None
R1-4661c8c16e,Whiteboards,5,A4,A4,"440mic Write-On, Wipe-Off Staufen",Single Sided,2 Working Days,N/A,No Lamination,,Flat,N/A,None,Square Cut,,20,24.78,None
R1-477446ac62,Whiteboards,8,A4,A4,"440mic Write-On, Wipe-Off Staufen",Single Sided,2 Working Days,N/A,No Lamination,,Flat,N/A,None,Square Cut,,20,27.39,None
R1-47d24cd1fa,Whiteboards,5,A3,A3,"440mic Write-On, Wipe-Off Staufen",Single Sided,1 Working Day,N/A,No Lamination,,Flat,N/A,None,Square Cut,,20,28.79,None
R1-489d1e3979,Whiteboards,5,A2,A2,"440mic Write-On, Wipe-Off Staufen",Single Sided,1 Working Day,N/A,No Lamination,,Flat,N/A,None,Square Cut,,20,37.42,None
R1-4ad7cfea35,Whiteboards,40,A0,A0,"440mic Write-On, Wipe-Off Staufen",Single Sided,3-4 Working Days,N/A,No Lamination,,Flat,N/A,None,Square Cut,,20,354.96,None
R1-4ae349ef77,Whiteboards,9,A4,A4,"440mic Write-On, Wipe-Off Staufen",Single Sided,1 Working Day,N/A,No Lamination,,Flat,N/A,None,Square Cut,,20,28.59,None
R1-4b48abc929,Whiteboards,1,A2,A2,"440mic Write-On, Wipe-Off Staufen",Single Sided,3-4 Working Days,N/A,No Lamination,,Flat,N/A,None,Square Cut,,20,22.68,None
R1-4b57e3322a,Whiteboards,2,A4,A4,"440mic Write-On, Wipe-Off Staufen",Single Sided,1 Working Day,N/A,No Lamination,,Flat,N/A,None,Square Cut,,20,24.59,None
R1-4bc61cf2eb,Whiteboards,10,A4,A4,"440mic Write-On, Wipe-Off Staufen",Single Sided,1 Working Day,N/A,No Lamination,,Flat,N/A,None,Square Cut,,20,28.54,None
R1-4bf1837059,Whiteboards,3,A1,A1,"440mic Write-On, Wipe-Off Staufen",Single Sided,1 Working Day,N/A,No Lamination,,Flat,N/A,None,Square Cut,,20,34.66,None
R1-4c4cde279d,Whiteboards,30,A1,A1,"440mic Write-On, Wipe-Off Staufen",Single Sided,2 Working Days,N/A,No Lamination,,Flat,N/A,None,Square Cut,,20,136.93,None
R1-4d049b3457,Whiteboards,1,A1,A1,"440mic Write-On, Wipe-Off Staufen",Single Sided,3-4 Working Days,N/A,No Lamination,,Flat,N/A,None,Square Cut,,20,21.42,None
R1-4dada0fc02,Whiteboards,30,A2,A2,"440mic Write-On, Wipe-Off Staufen",Single Sided,1 Working Day,N/A,No Lamination,,Flat,N/A,None,Square Cut,,20,94.96,None
R1-4e23c13c77,Whiteboards,20,A4,A4,"440mic Write-On, Wipe-Off Staufen",Single Sided,2 Working Days,N/A,No Lamination,,Flat,N/A,None,Square Cut,,20,32.65,None
R1-505bc04bb5,Whiteboards,15,A3,A3,"440mic Write-On, Wipe-Off Staufen",Single Sided,3-4 Working Days,N/A,No Lamination,,Flat,N/A,None,Square Cut,,20,35.93,None
R1-5100925b42,Whiteboards,25,A0,A0,"440mic Write-On, Wipe-Off Staufen",Single Sided,2 Working Days,N/A,No Lamination,,Flat,N/A,None,Square Cut,,20,267.54,None
R1-513505fe7d,Whiteboards,45,A2,A2,"440mic Write-On, Wipe-Off Staufen",Single Sided,1 Working Day,N/A,No Lamination,,Flat,N/A,None,Square Cut,,20,128.31,None
R1-522e435054,Whiteboards,6,A0,A0,"440mic Write-On, Wipe-Off Staufen",Single Sided,3-4 Working Days,N/A,No Lamination,,Flat,N/A,None,Square Cut,,20,81.21,None
R1-527c94bfdb,Whiteboards,1,A3,A3,"440mic Write-On, Wipe-Off Staufen",Single Sided,1 Working Day,N/A,No Lamination,,Flat,N/A,None,Square Cut,,20,24.63,None
R1-52d4450863,Whiteboards,9,A0,A0,"440mic Write-On, Wipe-Off Staufen",Single Sided,2 Working Days,N/A,No Lamination,,Flat,N/A,None,Square Cut,,20,123.06,None
R1-54522a2a26,Whiteboards,15,A2,A2,"440mic Write-On, Wipe-Off Staufen",Single Sided,3-4 Working Days,N/A,No Lamination,,Flat,N/A,None,Square Cut,,20,54.51,None
R1-54e0607d86,Whiteboards,35,A4,A4,"440mic Write-On, Wipe-Off Staufen",Single Sided,1 Working Day,N/A,No Lamination,,Flat,N/A,None,Square Cut,,20,39.62,None
R1-5a53738f34,Whiteboards,45,A0,A0,"440mic Write-On, Wipe-Off Staufen",Single Sided,3-4 Working Days,N/A,No Lamination,,Flat,N/A,None,Square Cut,,20,407.07,None
R1-5b9e57b14d,Whiteboards,3,A3,A3,"440mic Write-On, Wipe-Off Staufen",Single Sided,2 Working Days,N/A,No Lamination,,Flat,N/A,None,Square Cut,,20,26.25,None
R1-5bb0f4590f,Whiteboards,8,A4,A4,"440mic Write-On, Wipe-Off Staufen",Single Sided,3-4 Working Days,N/A,No Lamination,,Flat,N/A,None,Square Cut,,20,24.90,None
R1-5c4895a9d6,Whiteboards,25,A1,A1,"440mic Write-On, Wipe-Off Staufen",Single Sided,3-4 Working Days,N/A,No Lamination,,Flat,N/A,None,Square Cut,,20,108.64,None
R1-5d53042307,Whiteboards,20,A0,A0,"440mic Write-On, Wipe-Off Staufen",Single Sided,1 Working Day,N/A,No Lamination,,Flat,N/A,None,Square Cut,,20,236.09,None
R1-5dc9f95394,Whiteboards,20,A1,A1,"440mic Write-On, Wipe-Off Staufen",Single Sided,2 Working Days,N/A,No Lamination,,Flat,N/A,None,Square Cut,,20,102.03,None
R1-5e5e5bca15,Whiteboards,10,A1,A1,"440mic Write-On, Wipe-Off Staufen",Single Sided,2 Working Days,N/A,No Lamination,,Flat,N/A,None,Square Cut,,20,62.79,None
R1-5f2c974cbf,Whiteboards,20,A3,A3,"440mic Write-On, Wipe-Off Staufen",Single Sided,2 Working Days,N/A,No Lamination,,Flat,N/A,None,Square Cut,,20,43.53,None
R1-61b898fe35,Whiteboards,3,A3,A3,"440mic Write-On, Wipe-Off Staufen",Single Sided,3-4 Working Days,N/A,No Lamination,,Flat,N/A,None,Square Cut,,20,23.86,None
R1-635ba52201,Whiteboards,2,A1,A1,"440mic Write-On, Wipe-Off Staufen",Single Sided,3-4 Working Days,N/A,No Lamination,,Flat,N/A,None,Square Cut,,20,25.16,None
R1-670bd8dd49,Whiteboards,3,A0,A0,"440mic Write-On, Wipe-Off Staufen",Single Sided,3-4 Working Days,N/A,No Lamination,,Flat,N/A,None,Square Cut,,20,51.49,None
R1-67e9a75fac,Whiteboards,25,A0,A0,"440mic Write-On, Wipe-Off Staufen",Single Sided,3-4 Working Days,N/A,No Lamination,,Flat,N/A,None,Square Cut,,20,243.21,None
R1-684af2dcc5,Whiteboards,10,A1,A1,"440mic Write-On, Wipe-Off Staufen",Single Sided,1 Working Day,N/A,No Lamination,,Flat,N/A,None,Square Cut,,20,65.65,None
R1-6949c1a178,Whiteboards,2,A0,A0,"440mic Write-On, Wipe-Off Staufen",Single Sided,1 Working Day,N/A,No Lamination,,Flat,N/A,None,Square Cut,,20,46.29,None
R1-696d7efa16,Whiteboards,6,A1,A1,"440mic Write-On, Wipe-Off Staufen",Single Sided,3-4 Working Days,N/A,No Lamination,,Flat,N/A,None,Square Cut,,20,42.48,None
R1-6adcf9bfda,Whiteboards,1,A0,A0,"440mic Write-On, Wipe-Off Staufen",Single Sided,2 Working Days,N/A,No Lamination,,Flat,N/A,None,Square Cut,,20,33.26,None
R1-6ae2be7a51,Whiteboards,20,A2,A2,"440mic Write-On, Wipe-Off Staufen",Single Sided,3-4 Working Days,N/A,No Lamination,,Flat,N/A,None,Square Cut,,20,65.55,None
R1-6bcabfd1df,Whiteboards,40,A0,A0,"440mic Write-On, Wipe-Off Staufen",Single Sided,2 Working Days,N/A,No Lamination,,Flat,N/A,None,Square Cut,,20,390.46,None
R1-6ccf6843a2,Whiteboards,40,A1,A1,"440mic Write-On, Wipe-Off Staufen",Single Sided,2 Working Days,N/A,No Lamination,,Flat,N/A,None,Square Cut,,20,170.23,None
R1-6ced317565,Whiteboards,40,A2,A2,"440mic Write-On, Wipe-Off Staufen",Single Sided,1 Working Day,N/A,No Lamination,,Flat,N/A,None,Square Cut,,20,117.24,None
R1-6e1e49f8a9,Whiteboards,5,A1,A1,"440mic Write-On, Wipe-Off Staufen",Single Sided,3-4 Working Days,N/A,No Lamination,,Flat,N/A,None,Square Cut,,20,37.55,None
R1-6ef9942da7,Whiteboards,50,A4,A4,"440mic Write-On, Wipe-Off Staufen",Single Sided,2 Working Days,N/A,No Lamination,,Flat,N/A,None,Square Cut,,20,45.78,None
R1-6fdcc48a32,Whiteboards,4,A4,A4,"440mic Write-On, Wipe-Off Staufen",Single Sided,1 Working Day,N/A,No Lamination,,Flat,N/A,None,Square Cut,,20,25.95,None
R1-7044eb8270,Whiteboards,4,A0,A0,"440mic Write-On, Wipe-Off Staufen",Single Sided,3-4 Working Days,N/A,No Lamination,,Flat,N/A,None,Square Cut,,20,61.43,None
R1-70e0202974,Whiteboards,20,A4,A4,"440mic Write-On, Wipe-Off Staufen",Single Sided,1 Working Day,N/A,No Lamination,,Flat,N/A,None,Square Cut,,20,34.13,None
R1-716d9afcde,Whiteboards,50,A4,A4,"440mic Write-On, Wipe-Off Staufen",Single Sided,3-4 Working Days,N/A,No Lamination,,Flat,N/A,None,Square Cut,,20,41.62,None
R1-72ede2dd63,Whiteboards,2,A4,A4,"440mic Write-On, Wipe-Off Staufen",Single Sided,2 Working Days,N/A,No Lamination,,Flat,N/A,None,Square Cut,,20,23.52,None
R1-736fc1d70b,Whiteboards,10,A3,A3,"440mic Write-On, Wipe-Off Staufen",Single Sided,1 Working Day,N/A,No Lamination,,Flat,N/A,None,Square Cut,,20,35.68,None
R1-73793cde1b,Whiteboards,9,A0,A0,"440mic Write-On, Wipe-Off Staufen",Single Sided,1 Working Day,N/A,No Lamination,,Flat,N/A,None,Square Cut,,20,128.66,None
R1-73997c8407,Whiteboards,25,A3,A3,"440mic Write-On, Wipe-Off Staufen",Single Sided,3-4 Working Days,N/A,No Lamination,,Flat,N/A,None,Square Cut,,20,44.45,None
R1-74395053a6,Whiteboards,30,A3,A3,"440mic Write-On, Wipe-Off Staufen",Single Sided,3-4 Working Days,N/A,No Lamination,,Flat,N/A,None,Square Cut,,20,49.30,None
R1-74c15a583b,Whiteboards,8,A1,A1,"440mic Write-On, Wipe-Off Staufen",Single Sided,3-4 Working Days,N/A,No Lamination,,Flat,N/A,None,Square Cut,,20,51.05,None
R1-766a7002d1,Whiteboards,45,A0,A0,"440mic Write-On, Wipe-Off Staufen",Single Sided,2 Working Days,N/A,No Lamination,,Flat,N/A,None,Square Cut,,20,447.78,None
R1-7727d37818,Whiteboards,10,A2,A2,"440mic Write-On, Wipe-Off Staufen",Single Sided,2 Working Days,N/A,No Lamination,,Flat,N/A,None,Square Cut,,20,49.14,None
R1-7728b23e9d,Whiteboards,2,A1,A1,"440mic Write-On, Wipe-Off Staufen",Single Sided,2 Working Days,N/A,No Lamination,,Flat,N/A,None,Square Cut,,20,27.67,None
R1-78c78a0129,Whiteboards,25,A2,A2,"440mic Write-On, Wipe-Off Staufen",Single Sided,2 Working Days,N/A,No Lamination,,Flat,N/A,None,Square Cut,,20,81.48,None
R1-7ab2026b49,Whiteboards,8,A0,A0,"440mic Write-On, Wipe-Off Staufen",Single Sided,2 Working Days,N/A,No Lamination,,Flat,N/A,None,Square Cut,,20,112.31,None
R1-7b7a79bd4f,Whiteboards,35,A0,A0,"440mic Write-On, Wipe-Off Staufen",Single Sided,2 Working Days,N/A,No Lamination,,Flat,N/A,None,Square Cut,,20,349.17,None
R1-7c3b647e73,Whiteboards,9,A3,A3,"440mic Write-On, Wipe-Off Staufen",Single Sided,2 Working Days,N/A,No Lamination,,Flat,N/A,None,Square Cut,,20,34.18,None
R1-7c7cb088f8,Whiteboards,4,A2,A2,"440mic Write-On, Wipe-Off Staufen",Single Sided,2 Working Days,N/A,No Lamination,,Flat,N/A,None,Square Cut,,20,33.10,None
R1-7c932f46d4,Whiteboards,3,A1,A1,"440mic Write-On, Wipe-Off Staufen",Single Sided,2 Working Days,N/A,No Lamination,,Flat,N/A,None,Square Cut,,20,33.15,None
R1-7dcb173e55,Whiteboards,50,A2,A2,"440mic Write-On, Wipe-Off Staufen",Single Sided,1 Working Day,N/A,No Lamination,,Flat,N/A,None,Square Cut,,20,137.94,None
R1-7e162812dd,Whiteboards,2,A3,A3,"440mic Write-On, Wipe-Off Staufen",Single Sided,3-4 Working Days,N/A,No Lamination,,Flat,N/A,None,Square Cut,,20,22.64,None
R1-7e97804d03,Whiteboards,35,A1,A1,"440mic Write-On, Wipe-Off Staufen",Single Sided,1 Working Day,N/A,No Lamination,,Flat,N/A,None,Square Cut,,20,159.88,None
R1-7f6b881ebb,Whiteboards,50,A0,A0,"440mic Write-On, Wipe-Off Staufen",Single Sided,1 Working Day,N/A,No Lamination,,Flat,N/A,None,Square Cut,,20,512.37,None
R1-82e614881c,Whiteboards,7,A2,A2,"440mic Write-On, Wipe-Off Staufen",Single Sided,3-4 Working Days,N/A,No Lamination,,Flat,N/A,None,Square Cut,,20,37.42,None
R1-82fc2392ef,Whiteboards,25,A1,A1,"440mic Write-On, Wipe-Off Staufen",Single Sided,1 Working Day,N/A,No Lamination,,Flat,N/A,None,Square Cut,,20,124.94,None
R1-83a74354eb,Whiteboards,40,A1,A1,"440mic Write-On, Wipe-Off Staufen",Single Sided,1 Working Day,N/A,No Lamination,,Flat,N/A,None,Square Cut,,20,177.97,None
R1-83f0153e7d,Whiteboards,1,A0,A0,"440mic Write-On, Wipe-Off Staufen",Single Sided,3-4 Working Days,N/A,No Lamination,,Flat,N/A,None,Square Cut,,20,30.24,None
R1-8402a2f186,Whiteboards,15,A1,A1,"440mic Write-On, Wipe-Off Staufen",Single Sided,3-4 Working Days,N/A,No Lamination,,Flat,N/A,None,Square Cut,,20,75.57,None
R1-855ceb93f3,Whiteboards,4,A1,A1,"440mic Write-On, Wipe-Off Staufen",Single Sided,1 Working Day,N/A,No Lamination,,Flat,N/A,None,Square Cut,,20,38.93,None
R1-86283bc34d,Whiteboards,40,A4,A4,"440mic Write-On, Wipe-Off Staufen",Single Sided,1 Working Day,N/A,No Lamination,,Flat,N/A,None,Square Cut,,20,42.37,None
R1-86a1d9b4cf,Whiteboards,6,A1,A1,"440mic Write-On, Wipe-Off Staufen",Single Sided,2 Working Days,N/A,No Lamination,,Flat,N/A,None,Square Cut,,20,46.73,None
R1-8773b249f6,Whiteboards,7,A4,A4,"440mic Write-On, Wipe-Off Staufen",Single Sided,1 Working Day,N/A,No Lamination,,Flat,N/A,None,Square Cut,,20,27.25,None
R1-8797a35cd3,Whiteboards,25,A0,A0,"440mic Write-On, Wipe-Off Staufen",Single Sided,1 Working Day,N/A,No Lamination,,Flat,N/A,None,Square Cut,,20,279.70,None
R1-8874768729,Whiteboards,20,A3,A3,"440mic Write-On, Wipe-Off Staufen",Single Sided,3-4 Working Days,N/A,No Lamination,,Flat,N/A,None,Square Cut,,20,39.57,None
R1-889add411a,Whiteboards,25,A2,A2,"440mic Write-On, Wipe-Off Staufen",Single Sided,1 Working Day,N/A,No Lamination,,Flat,N/A,None,Square Cut,,20,85.19,None
R1-88e737a5fd,Whiteboards,4,A3,A3,"440mic Write-On, Wipe-Off Staufen",Single Sided,3-4 Working Days,N/A,No Lamination,,Flat,N/A,None,Square Cut,,20,25.07,None
R1-89532b2369,Whiteboards,30,A4,A4,"440mic Write-On, Wipe-Off Staufen",Single Sided,3-4 Working Days,N/A,No Lamination,,Flat,N/A,None,Square Cut,,20,32.04,None
R1-8b02dbd69c,Whiteboards,4,A0,A0,"440mic Write-On, Wipe-Off Staufen",Single Sided,1 Working Day,N/A,No Lamination,,Flat,N/A,None,Square Cut,,20,70.64,None
R1-8c9ebb5e8d,Whiteboards,1,A1,A1,"440mic Write-On, Wipe-Off Staufen",Single Sided,2 Working Days,N/A,No Lamination,,Flat,N/A,None,Square Cut,,20,23.56,None
R1-8de3c92f29,Whiteboards,10,A0,A0,"440mic Write-On, Wipe-Off Staufen",Single Sided,1 Working Day,N/A,No Lamination,,Flat,N/A,None,Square Cut,,20,137.00,None
R1-8dee009c6f,Whiteboards,25,A3,A3,"440mic Write-On, Wipe-Off Staufen",Single Sided,2 Working Days,N/A,No Lamination,,Flat,N/A,None,Square Cut,,20,48.89,None
R1-8dfd3b1625,Whiteboards,30,A3,A3,"440mic Write-On, Wipe-Off Staufen",Single Sided,2 Working Days,N/A,No Lamination,,Flat,N/A,None,Square Cut,,20,54.23,None
R1-8e5284397b,Whiteboards,4,A2,A2,"440mic Write-On, Wipe-Off Staufen",Single Sided,3-4 Working Days,N/A,No Lamination,,Flat,N/A,None,Square Cut,,20,30.09,None
R1-8ee49b71df,Whiteboards,50,A3,A3,"440mic Write-On, Wipe-Off Staufen",Single Sided,1 Working Day,N/A,No Lamination,,Flat,N/A,None,Square Cut,,20,76.01,None
R1-8fa74f18a0,Whiteboards,2,A2,A2,"440mic Write-On, Wipe-Off Staufen",Single Sided,1 Working Day,N/A,No Lamination,,Flat,N/A,None,Square Cut,,20,28.93,None
R1-91db066027,Whiteboards,15,A1,A1,"440mic Write-On, Wipe-Off Staufen",Single Sided,1 Working Day,N/A,No Lamination,,Flat,N/A,None,Square Cut,,20,86.90,None
R1-923d694a2f,Whiteboards,35,A1,A1,"440mic Write-On, Wipe-Off Staufen",Single Sided,3-4 Working Days,N/A,No Lamination,,Flat,N/A,None,Square Cut,,20,139.03,None
R1-92d096bfee,Whiteboards,15,A4,A4,"440mic Write-On, Wipe-Off Staufen",Single Sided,2 Working Days,N/A,No Lamination,,Flat,N/A,None,Square Cut,,20,29.98,None
R1-93ae3c039a,Whiteboards,5,A3,A3,"440mic Write-On, Wipe-Off Staufen",Single Sided,3-4 Working Days,N/A,No Lamination,,Flat,N/A,None,Square Cut,,20,25.03,None
R1-960b6f7384,Whiteboards,50,A3,A3,"440mic Write-On, Wipe-Off Staufen",Single Sided,2 Working Days,N/A,No Lamination,,Flat,N/A,None,Square Cut,,20,72.71,None
R1-96b5280ede,Whiteboards,7,A3,A3,"440mic Write-On, Wipe-Off Staufen",Single Sided,1 Working Day,N/A,No Lamination,,Flat,N/A,None,Square Cut,,20,32.99,None
R1-96f7bdc47c,Whiteboards,1,A4,A4,"440mic Write-On, Wipe-Off Staufen",Single Sided,1 Working Day,N/A,No Lamination,,Flat,N/A,None,Square Cut,,20,24.63,None
R1-9791bc75e3,Whiteboards,8,A0,A0,"440mic Write-On, Wipe-Off Staufen",Single Sided,3-4 Working Days,N/A,No Lamination,,Flat,N/A,None,Square Cut,,20,102.10,None
R1-98e03b61e9,Whiteboards,35,A4,A4,"440mic Write-On, Wipe-Off Staufen",Single Sided,2 Working Days,N/A,No Lamination,,Flat,N/A,None,Square Cut,,20,37.89,None
R1-991a2502d5,Whiteboards,7,A4,A4,"440mic Write-On, Wipe-Off Staufen",Single Sided,3-4 Working Days,N/A,No Lamination,,Flat,N/A,None,Square Cut,,20,23.70,None
R1-996b6d7adf,Whiteboards,6,A1,A1,"440mic Write-On, Wipe-Off Staufen",Single Sided,1 Working Day,N/A,No Lamination,,Flat,N/A,None,Square Cut,,20,48.85,None
R1-9bc84f903e,Whiteboards,2,A4,A4,"440mic Write-On, Wipe-Off Staufen",Single Sided,3-4 Working Days,N/A,No Lamination,,Flat,N/A,None,Square Cut,,20,21.38,None
R1-9ca259d65c,Whiteboards,8,A2,A2,"440mic Write-On, Wipe-Off Staufen",Single Sided,1 Working Day,N/A,No Lamination,,Flat,N/A,None,Square Cut,,20,45.82,None
R1-9cbdbeb032,Whiteboards,1,A4,A4,"440mic Write-On, Wipe-Off Staufen",Single Sided,2 Working Days,N/A,No Lamination,,Flat,N/A,None,Square Cut,,20,23.56,None
R1-9d09ef2c9c,Whiteboards,8,A0,A0,"440mic Write-On, Wipe-Off Staufen",Single Sided,1 Working Day,N/A,No Lamination,,Flat,N/A,None,Square Cut,,20,117.42,None
R1-9dde5e54ac,Whiteboards,35,A3,A3,"440mic Write-On, Wipe-Off Staufen",Single Sided,3-4 Working Days,N/A,No Lamination,,Flat,N/A,None,Square Cut,,20,52.91,None
R1-a05b70ef04,Whiteboards,45,A2,A2,"440mic Write-On, Wipe-Off Staufen",Single Sided,3-4 Working Days,N/A,No Lamination,,Flat,N/A,None,Square Cut,,20,111.58,None
R1-a06e8c5524,Whiteboards,35,A3,A3,"440mic Write-On, Wipe-Off Staufen",Single Sided,1 Working Day,N/A,No Lamination,,Flat,N/A,None,Square Cut,,20,60.84,None
R1-a183a67123,Whiteboards,35,A2,A2,"440mic Write-On, Wipe-Off Staufen",Single Sided,3-4 Working Days,N/A,No Lamination,,Flat,N/A,None,Square Cut,,20,91.05,None
R1-a24daa0275,Whiteboards,20,A1,A1,"440mic Write-On, Wipe-Off Staufen",Single Sided,1 Working Day,N/A,No Lamination,,Flat,N/A,None,Square Cut,,20,106.67,None
R1-a5b96906e7,Whiteboards,50,A1,A1,"440mic Write-On, Wipe-Off Staufen",Single Sided,2 Working Days,N/A,No Lamination,,Flat,N/A,None,Square Cut,,20,206.00,None
R1-a6345f8846,Whiteboards,9,A1,A1,"440mic Write-On, Wipe-Off Staufen",Single Sided,1 Working Day,N/A,No Lamination,,Flat,N/A,None,Square Cut,,20,62.90,None
R1-a7823fa26b,Whiteboards,35,A2,A2,"440mic Write-On, Wipe-Off Staufen",Single Sided,2 Working Days,N/A,No Lamination,,Flat,N/A,None,Square Cut,,20,100.15,None
R1-a8b0102f44,Whiteboards,10,A4,A4,"440mic Write-On, Wipe-Off Staufen",Single Sided,3-4 Working Days,N/A,No Lamination,,Flat,N/A,None,Square Cut,,20,24.82,None
R1-a8b058c722,Whiteboards,9,A3,A3,"440mic Write-On, Wipe-Off Staufen",Single Sided,1 Working Day,N/A,No Lamination,,Flat,N/A,None,Square Cut,,20,35.74,None
R1-a8e7680123,Whiteboards,7,A0,A0,"440mic Write-On, Wipe-Off Staufen",Single Sided,3-4 Working Days,N/A,No Lamination,,Flat,N/A,None,Square Cut,,20,91.05,None
R1-ac0796e086,Whiteboards,3,A3,A3,"440mic Write-On, Wipe-Off Staufen",Single Sided,1 Working Day,N/A,No Lamination,,Flat,N/A,None,Square Cut,,20,27.44,None
R1-aca6808d86,Whiteboards,10,A1,A1,"440mic Write-On, Wipe-Off Staufen",Single Sided,3-4 Working Days,N/A,No Lamination,,Flat,N/A,None,Square Cut,,20,57.08,None
R1-aea62dfeef,Whiteboards,7,A2,A2,"440mic Write-On, Wipe-Off Staufen",Single Sided,2 Working Days,N/A,No Lamination,,Flat,N/A,None,Square Cut,,20,41.16,None
R1-af87d8cae4,Whiteboards,5,A2,A2,"440mic Write-On, Wipe-Off Staufen",Single Sided,2 Working Days,N/A,No Lamination,,Flat,N/A,None,Square Cut,,20,35.79,None
R1-afe24db602,Whiteboards,3,A1,A1,"440mic Write-On, Wipe-Off Staufen",Single Sided,3-4 Working Days,N/A,No Lamination,,Flat,N/A,None,Square Cut,,20,30.14,None
R1-b002a6bfcc,Whiteboards,7,A1,A1,"440mic Write-On, Wipe-Off Staufen",Single Sided,2 Working Days,N/A,No Lamination,,Flat,N/A,None,Square Cut,,20,50.76,None
R1-b0c0c50d7f,Whiteboards,25,A4,A4,"440mic Write-On, Wipe-Off Staufen",Single Sided,3-4 Working Days,N/A,No Lamination,,Flat,N/A,None,Square Cut,,20,30.86,None
R1-b189aa1189,Whiteboards,9,A0,A0,"440mic Write-On, Wipe-Off Staufen",Single Sided,3-4 Working Days,N/A,No Lamination,,Flat,N/A,None,Square Cut,,20,111.88,None
R1-b5e5c4c765,Whiteboards,3,A2,A2,"440mic Write-On, Wipe-Off Staufen",Single Sided,3-4 Working Days,N/A,No Lamination,,Flat,N/A,None,Square Cut,,20,27.63,None
R1-b9a11373f8,Whiteboards,15,A4,A4,"440mic Write-On, Wipe-Off Staufen",Single Sided,3-4 Working Days,N/A,No Lamination,,Flat,N/A,None,Square Cut,,20,27.25,None
R1-baa2a0c66c,Whiteboards,1,A3,A3,"440mic Write-On, Wipe-Off Staufen",Single Sided,3-4 Working Days,N/A,No Lamination,,Flat,N/A,None,Square Cut,,20,21.42,None
R1-bb2f9bf688,Whiteboards,3,A0,A0,"440mic Write-On, Wipe-Off Staufen",Single Sided,2 Working Days,N/A,No Lamination,,Flat,N/A,None,Square Cut,,20,56.63,None
R1-bb9d4071ff,Whiteboards,2,A2,A2,"440mic Write-On, Wipe-Off Staufen",Single Sided,3-4 Working Days,N/A,No Lamination,,Flat,N/A,None,Square Cut,,20,25.16,None
R1-bf44a5c9bc,Whiteboards,2,A1,A1,"440mic Write-On, Wipe-Off Staufen",Single Sided,1 Working Day,N/A,No Lamination,,Flat,N/A,None,Square Cut,,20,28.93,None
R1-bff0407286,Whiteboards,6,A0,A0,"440mic Write-On, Wipe-Off Staufen",Single Sided,2 Working Days,N/A,No Lamination,,Flat,N/A,None,Square Cut,,20,89.33,None
R1-c17f7f56b7,Whiteboards,3,A2,A2,"440mic Write-On, Wipe-Off Staufen",Single Sided,1 Working Day,N/A,No Lamination,,Flat,N/A,None,Square Cut,,20,31.77,None
R1-c23ba2a9d7,Whiteboards,50,A3,A3,"440mic Write-On, Wipe-Off Staufen",Single Sided,3-4 Working Days,N/A,No Lamination,,Flat,N/A,None,Square Cut,,20,66.10,None
R1-c2e1e8b217,Whiteboards,40,A1,A1,"440mic Write-On, Wipe-Off Staufen",Single Sided,3-4 Working Days,N/A,No Lamination,,Flat,N/A,None,Square Cut,,20,154.76,None
R1-c3ba7a1f0e,Whiteboards,35,A1,A1,"440mic Write-On, Wipe-Off Staufen",Single Sided,2 Working Days,N/A,No Lamination,,Flat,N/A,None,Square Cut,,20,152.93,None
R1-c3c0bf729a,Whiteboards,10,A2,A2,"440mic Write-On, Wipe-Off Staufen",Single Sided,3-4 Working Days,N/A,No Lamination,,Flat,N/A,None,Square Cut,,20,44.67,None
R1-c4235e35a3,Whiteboards,8,A3,A3,"440mic Write-On, Wipe-Off Staufen",Single Sided,2 Working Days,N/A,No Lamination,,Flat,N/A,None,Square Cut,,20,32.87,None
R1-c4337ab8c5,Whiteboards,9,A4,A4,"440mic Write-On, Wipe-Off Staufen",Single Sided,2 Working Days,N/A,No Lamination,,Flat,N/A,None,Square Cut,,20,27.35,None
R1-c491a7f309,Whiteboards,6,A4,A4,"440mic Write-On, Wipe-Off Staufen",Single Sided,1 Working Day,N/A,No Lamination,,Flat,N/A,None,Square Cut,,20,27.30,None
R1-cb750e2c06,Whiteboards,5,A0,A0,"440mic Write-On, Wipe-Off Staufen",Single Sided,3-4 Working Days,N/A,No Lamination,,Flat,N/A,None,Square Cut,,20,70.09,None
R1-ccb8811cc6,Whiteboards,50,A0,A0,"440mic Write-On, Wipe-Off Staufen",Single Sided,3-4 Working Days,N/A,No Lamination,,Flat,N/A,None,Square Cut,,20,445.54,None
R1-cd2fe3eac5,Whiteboards,35,A0,A0,"440mic Write-On, Wipe-Off Staufen",Single Sided,1 Working Day,N/A,No Lamination,,Flat,N/A,None,Square Cut,,20,365.05,None
R1-ce95e19f65,Whiteboards,45,A4,A4,"440mic Write-On, Wipe-Off Staufen",Single Sided,1 Working Day,N/A,No Lamination,,Flat,N/A,None,Square Cut,,20,43.71,None
R1-d0335049cb,Whiteboards,45,A4,A4,"440mic Write-On, Wipe-Off Staufen",Single Sided,2 Working Days,N/A,No Lamination,,Flat,N/A,None,Square Cut,,20,41.81,None
R1-d0dbb46848,Whiteboards,2,A2,A2,"440mic Write-On, Wipe-Off Staufen",Single Sided,2 Working Days,N/A,No Lamination,,Flat,N/A,None,Square Cut,,20,27.67,None
R1-d196f12a5c,Whiteboards,45,A1,A1,"440mic Write-On, Wipe-Off Staufen",Single Sided,2 Working Days,N/A,No Lamination,,Flat,N/A,None,Square Cut,,20,188.82,None
R1-d24167f797,Whiteboards,20,A1,A1,"440mic Write-On, Wipe-Off Staufen",Single Sided,3-4 Working Days,N/A,No Lamination,,Flat,N/A,None,Square Cut,,20,92.75,None
R1-d460d34da6,Whiteboards,7,A0,A0,"440mic Write-On, Wipe-Off Staufen",Single Sided,2 Working Days,N/A,No Lamination,,Flat,N/A,None,Square Cut,,20,100.16,None
R1-d482184cfd,Whiteboards,4,A1,A1,"440mic Write-On, Wipe-Off Staufen",Single Sided,2 Working Days,N/A,No Lamination,,Flat,N/A,None,Square Cut,,20,37.23,None
R1-d536dccc9e,Whiteboards,3,A4,A4,"440mic Write-On, Wipe-Off Staufen",Single Sided,1 Working Day,N/A,No Lamination,,Flat,N/A,None,Square Cut,,20,25.99,None
R1-d59f5059b3,Whiteboards,9,A1,A1,"440mic Write-On, Wipe-Off Staufen",Single Sided,2 Working Days,N/A,No Lamination,,Flat,N/A,None,Square Cut,,20,60.16,None
R1-d69413d7b9,Whiteboards,30,A2,A2,"440mic Write-On, Wipe-Off Staufen",Single Sided,2 Working Days,N/A,No Lamination,,Flat,N/A,None,Square Cut,,20,90.83,None
R1-d7337a951c,Whiteboards,40,A3,A3,"440mic Write-On, Wipe-Off Staufen",Single Sided,1 Working Day,N/A,No Lamination,,Flat,N/A,None,Square Cut,,20,66.39,None
R1-d7943815b0,Whiteboards,25,A1,A1,"440mic Write-On, Wipe-Off Staufen",Single Sided,2 Working Days,N/A,No Lamination,,Flat,N/A,None,Square Cut,,20,119.51,None
R1-d8a755ce11,Whiteboards,7,A0,A0,"440mic Write-On, Wipe-Off Staufen",Single Sided,1 Working Day,N/A,No Lamination,,Flat,N/A,None,Square Cut,,20,104.71,None
R1-d8a9d6a704,Whiteboards,6,A4,A4,"440mic Write-On, Wipe-Off Staufen",Single Sided,2 Working Days,N/A,No Lamination,,Flat,N/A,None,Square Cut,,20,26.11,None
R1-db97a22800,Whiteboards,8,A3,A3,"440mic Write-On, Wipe-Off Staufen",Single Sided,3-4 Working Days,N/A,No Lamination,,Flat,N/A,None,Square Cut,,20,29.88,None
R1-dc6b3ac48a,Whiteboards,50,A1,A1,"440mic Write-On, Wipe-Off Staufen",Single Sided,1 Working Day,N/A,No Lamination,,Flat,N/A,None,Square Cut,,20,215.36,None
R1-dd7f5e1268,Whiteboards,4,A1,A1,"440mic Write-On, Wipe-Off Staufen",Single Sided,3-4 Working Days,N/A,No Lamination,,Flat,N/A,None,Square Cut,,20,33.85,None
R1-dd81422913,Whiteboards,9,A2,A2,"440mic Write-On, Wipe-Off Staufen",Single Sided,1 Working Day,N/A,No Lamination,,Flat,N/A,None,Square Cut,,20,50.03,None
R1-de218c5595,Whiteboards,6,A2,A2,"440mic Write-On, Wipe-Off Staufen",Single Sided,3-4 Working Days,N/A,No Lamination,,Flat,N/A,None,Square Cut,,20,36.23,None
R1-deaa040db1,Whiteboards,8,A3,A3,"440mic Write-On, Wipe-Off Staufen",Single Sided,1 Working Day,N/A,No Lamination,,Flat,N/A,None,Square Cut,,20,34.37,None
R1-e03385f5e2,Whiteboards,40,A2,A2,"440mic Write-On, Wipe-Off Staufen",Single Sided,2 Working Days,N/A,No Lamination,,Flat,N/A,None,Square Cut,,20,112.14,None
R1-e19067e1b3,Whiteboards,20,A2,A2,"440mic Write-On, Wipe-Off Staufen",Single Sided,2 Working Days,N/A,No Lamination,,Flat,N/A,None,Square Cut,,20,72.10,None
R1-e36db09382,Whiteboards,2,A0,A0,"440mic Write-On, Wipe-Off Staufen",Single Sided,3-4 Working Days,N/A,No Lamination,,Flat,N/A,None,Square Cut,,20,40.25,None
R1-e381937818,Whiteboards,1,A3,A3,"440mic Write-On, Wipe-Off Staufen",Single Sided,2 Working Days,N/A,No Lamination,,Flat,N/A,None,Square Cut,,20,23.56,None
R1-e55c3afdbb,Whiteboards,10,A4,A4,"440mic Write-On, Wipe-Off Staufen",Single Sided,2 Working Days,N/A,No Lamination,,Flat,N/A,None,Square Cut,,20,27.30,None
R1-e5c20d570f,Whiteboards,20,A4,A4,"440mic Write-On, Wipe-Off Staufen",Single Sided,3-4 Working Days,N/A,No Lamination,,Flat,N/A,None,Square Cut,,20,29.68,None
R1-e759598277,Whiteboards,1,A1,A1,"440mic Write-On, Wipe-Off Staufen",Single Sided,1 Working Day,N/A,No Lamination,,Flat,N/A,None,Square Cut,,20,24.63,None
R1-e865c57161,Whiteboards,15,A3,A3,"440mic Write-On, Wipe-Off Staufen",Single Sided,1 Working Day,N/A,No Lamination,,Flat,N/A,None,Square Cut,,20,41.31,None
R1-ea1943b80b,Whiteboards,7,A4,A4,"440mic Write-On, Wipe-Off Staufen",Single Sided,2 Working Days,N/A,No Lamination,,Flat,N/A,None,Square Cut,,20,26.07,None
R1-eb63b193c0,Whiteboards,6,A3,A3,"440mic Write-On, Wipe-Off Staufen",Single Sided,2 Working Days,N/A,No Lamination,,Flat,N/A,None,Square Cut,,20,30.24,None
R1-eb905cb4f5,Whiteboards,45,A0,A0,"440mic Write-On, Wipe-Off Staufen",Single Sided,1 Working Day,N/A,No Lamination,,Flat,N/A,None,Square Cut,,20,468.13,None
R1-ec0e4a401a,Whiteboards,1,A2,A2,"440mic Write-On, Wipe-Off Staufen",Single Sided,2 Working Days,N/A,No Lamination,,Flat,N/A,None,Square Cut,,20,24.95,None
R1-eda23f9568,Whiteboards,5,A4,A4,"440mic Write-On, Wipe-Off Staufen",Single Sided,3-4 Working Days,N/A,No Lamination,,Flat,N/A,None,Square Cut,,20,22.53,None
R1-eec0932f07,Whiteboards,6,A0,A0,"440mic Write-On, Wipe-Off Staufen",Single Sided,1 Working Day,N/A,No Lamination,,Flat,N/A,None,Square Cut,,20,93.39,None
R1-efec882137,Whiteboards,6,A3,A3,"440mic Write-On, Wipe-Off Staufen",Single Sided,3-4 Working Days,N/A,No Lamination,,Flat,N/A,None,Square Cut,,20,27.49,None
R1-f149aa4e30,Whiteboards,35,A3,A3,"440mic Write-On, Wipe-Off Staufen",Single Sided,2 Working Days,N/A,No Lamination,,Flat,N/A,None,Square Cut,,20,58.20,None
R1-f34f9de1ec,Whiteboards,8,A2,A2,"440mic Write-On, Wipe-Off Staufen",Single Sided,2 Working Days,N/A,No Lamination,,Flat,N/A,None,Square Cut,,20,43.83,None
R1-f3f642ffb0,Whiteboards,6,A4,A4,"440mic Write-On, Wipe-Off Staufen",Single Sided,3-4 Working Days,N/A,No Lamination,,Flat,N/A,None,Square Cut,,20,23.74,None
R1-f686991e81,Whiteboards,25,A4,A4,"440mic Write-On, Wipe-Off Staufen",Single Sided,2 Working Days,N/A,No Lamination,,Flat,N/A,None,Square Cut,,20,33.95,None
R1-f7f7a5dcd7,Whiteboards,3,A0,A0,"440mic Write-On, Wipe-Off Staufen",Single Sided,1 Working Day,N/A,No Lamination,,Flat,N/A,None,Square Cut,,20,59.21,None
R1-f95815802c,Whiteboards,8,A4,A4,"440mic Write-On, Wipe-Off Staufen",Single Sided,1 Working Day,N/A,No Lamination,,Flat,N/A,None,Square Cut,,20,28.64,None
R1-f9ca56b14e,Whiteboards,25,A3,A3,"440mic Write-On, Wipe-Off Staufen",Single Sided,1 Working Day,N/A,No Lamination,,Flat,N/A,None,Square Cut,,20,51.11,None
R1-fa67b67be0,Whiteboards,4,A3,A3,"440mic Write-On, Wipe-Off Staufen",Single Sided,1 Working Day,N/A,No Lamination,,Flat,N/A,None,Square Cut,,20,28.83,None
R1-fb2180f7b1,Whiteboards,1,A4,A4,"440mic Write-On, Wipe-Off Staufen",Single Sided,3-4 Working Days,N/A,No Lamination,,Flat,N/A,None,Square Cut,,20,21.42,None
R1-fe69ddca0a,Whiteboards,45,A3,A3,"440mic Write-On, Wipe-Off Staufen",Single Sided,2 Working Days,N/A,No Lamination,,Flat,N/A,None,Square Cut,,20,67.44,None
R1-ff00e7fb44,Whiteboards,7,A3,A3,"440mic Write-On, Wipe-Off Staufen",Single Sided,3-4 Working Days,N/A,No Lamination,,Flat,N/A,None,Square Cut,,20,28.69,None
